item_id,item_geohash,item_category
312051294,,8270
99999754,,7393
131746128,,7876
385731330,,10544
100004415,,3064
76588345,95qqvei,5411
312053799,,13547
100004955,,7033
312322681,,8376
147117547,,12170
100010037,,7978
76588345,95qqtc0,5411
312055566,,9450
100026807,,12304
312319888,,5533
96406570,95qukdj,5573
100027125,,7033
258563499,,7572
38573090,,7467
10003007,,5827
76588345,95qog7f,5411
385724787,,6648
100036989,,10544
312311833,,2284
385722504,,1032
100039260,,5141
258569838,,4830
312073248,,12630
100039680,,8695
131750358,,6247
312073548,,1242
100039842,,3064
258574659,,6648
3120793,,198
100043619,,5236
258576495,,1169
385719858,,5273
100043706,,2284
258577086,,951
312081249,,1601
100045878,,12553
258577470,,2284
31208155,,4778
100046166,,9614
312307153,,438
312083169,,732
100047537,,3956
258580230,,3321
38571587,,4778
100047966,,10431
76588345,95q61ei,5411
312087981,,7995
100050156,,3064
312305800,,5752
312090018,,12553
100053516,,5706
31230527,9rew7i7,1213
147122413,,7995
100056477,,2284
258582060,,3660
312090237,,8179
100076571,,13547
258583,,8792
312101175,,10431
100085607,,13500
76588345,95q5vnb,5411
83363538,,7850
100085865,,12996
258585795,,3660
312104013,,1169
100090572,,1483
312303745,,3660
96406570,94eg57w,5573
100093275,,12221
258588558,,705
312113352,,10
100093884,,8376
312301675,,8179
312119508,,8234
10009532,,6648
131750571,,6862
312120531,,9086
100095537,,5273
258592575,,8270
312120894,,2284
100097790,,5320
76588345,95q4fml,5411
83362902,,9334
100097970,,9334
312299812,,12326
312126501,,8270
100098348,,3067
97955066,,6648
385712409,,11497
100107081,,8099
76588345,95q11s1,5411
312128742,,13500
100116243,,11406
312297259,,7995
147129310,,3925
100119771,,3368
258597897,,7939
385708371,,3660
100122009,,9569
312292660,,12630
147130825,,7572
100123155,,4864
258598623,,2284
312145683,,7995
100139043,,7572
258602904,,9569
312147459,,11406
100140372,,10582
76588345,95lkiej,5411
385704204,,12630
100140945,,5065
258605412,,3000
312157095,,12067
100142994,,4778
258610992,,9829
147134068,,4008
100148103,,12221
258612822,,4245
110119258,,12630
100150716,,7350
258612873,,9086
312160347,,10364
100156962,,8270
312283639,,11406
312160497,,10120
100162725,,3017
76588345,95lka5u,5411
83355216,,3064
100165614,,8491
258617694,,8678
31216393,,4677
100184934,,10356
258620625,,5141
312164142,,7350
10019003,,8179
31227575,,3397
31216510,,7995
100193664,,3723
76588345,95kf170,5411
147137350,,11991
100195101,,1649
258622536,,12067
312168303,,10431
100204263,,4510
258623082,,3397
312170571,,2252
100207200,,3067
131756967,,94
312171669,,12630
10021223,,3846
312274924,,7995
312175356,,12570
100213938,,13547
312273988,,7619
312179481,,10544
100217847,,9450
312272464,,9017
312182703,,7572
100227075,,8179
258628377,96knva1,1213
385701573,,3660
100231587,,4588
76588345,95fttim,5411
96406570,95quhmn,5573
100250736,,11497
258631851,,5141
312182787,,12538
100251630,,6417
258632058,,5186
312183444,,374
100254048,,3368
312269281,,9569
385700856,,8261
100261644,,11406
131761650,,10063
312184881,,1029
100262481,,4582
312265957,,8094
147144634,,3660
100271766,,150
312264214,9rdm2gf,10120
312187419,,10431
100279566,,7951
258645399,,10431
385696707,,9933
100282068,,4582
312263473,,7390
38569628,,7350
100283421,,3064
312259945,,3660
312187458,,2683
100284261,,4582
258647742,,9569
31219720,,10356
100284432,,11406
312259156,,3956
385695120,,3397
10028570,,10825
2586518,,10349
312202221,,7390
100288155,,11406
76588345,95f75w0,5411
312205815,,3064
100289082,,4008
312256903,,7393
31220611,,4543
100292811,,3064
312254533,,4582
312209844,,3368
100298370,,2284
76588345,95f75kl,5411
14714764,,11376
100303176,,5320
258652713,,6700
385693911,,10431
100303260,,4778
90525898,,12861
38569154,,5446
100308378,,12630
76588345,95f757l,5411
385691466,,3397
10031123,,5273
2586554,,3397
312222906,,12758
100319358,,705
131765151,,94
312227382,,4245
100321389,,4778
312253405,,279
31223077,,3064
10032377,,9614
31225277,,11406
312233622,,7995
100326882,,6648
25865888,,4778
385681992,,4431
100329117,,4245
258659682,,7995
312237474,,12791
100331838,,12791
312247921,,5801
385678713,,4396
100337394,,11406
312245386,,6648
312239397,,3960
1003479,,11406
312244084,,7791
312240930,,10431
100356396,,6648
258661635,,7939
312245208,,12760
100356597,956mfqq,4657
258662799,,7939
312246279,,5273
100356597,956mnlq,4657
312242758,,9569
147149671,,8491
100356597,956mm9h,4657
312240637,,3368
312249687,,8254
100356597,956mrhw,4657
258664635,,2029
385672710,,5533
100356597,956mm1m,4657
312240619,,6648
312253305,,9829
100356597,956mlds,4657
258667563,,8234
31225951,,8270
100356780,,6648
131768367,,4778
312261852,,12553
100357800,,10464
312238345,,7572
312263004,,9618
10036241,,7791
131769027,,5744
147154291,,5065
100365900,,10662
76588345,95bppml,5411
312272568,,5183
100370151,,1169
258671262,,4327
147154414,,7401
100375371,,4830
76588345,956rcai,5411
312277887,,7350
100384119,,6588
258671421,,4582
312278151,,3064
100391703,,3064
258672783,,4778
96406570,94h1t46,5573
100392006,,12221
312233023,,10364
385661472,,8646
100411788,,9017
258675222,,7995
312288603,,150
100413690,,7995
25867559,,8561
312291996,,10544
10041704,,3064
25867604,,7995
312296652,,12275
100417800,,3660
312225115,,6608
110121757,,8179
100424814,,11406
312222478,,3397
312297615,,4778
100426119,,13672
258678753,,9766
312300852,,7390
100428876,,5533
312220072,,10120
385652307,,3064
100428882,,5768
258682062,,279
312302907,,3064
100431723,,6648
258682248,,8646
312303,,2029
100432305,,5351
258682524,,5706
385652280,,3370
100439583,,13547
258687090,,8179
312303369,,13492
100439847,,11991
76588345,956ml51,5411
312304416,,8561
100449456,,10015
312215377,,4156
147163438,,11991
100451625,,10431
312209302,,6247
312309228,,10356
100454313,,3064
312208009,,2284
312309441,,9614
100454727,,4245
258693699,,11406
312313467,,732
100455186,,11406
31220540,,9569
312315099,,3449
100458327,,6700
258695493,,10920
385639722,,12630
100469688,,2284
90524338,,8099
38563877,,7939
10047095,,10085
312204685,,4657
312316203,,3846
100472106,,8243
76588345,956jg62,5411
312316908,,7350
100475910,,13985
31220327,,10582
83348016,,5752
100486614,,11932
258696777,,3660
312317892,,4778
100487211,,1954
258698748,,8561
147165721,,3368
100489101,,6648
131774196,,7995
312318990,,12630
100489479,,10356
76588345,95694cr,5411
385636473,,9205
100505097,,7663
258701382,,1169
312323436,,7350
100507701,,4282
76588345,9567w6n,5411
312328710,,7140
100510620,,8491
31220258,,3064
385636203,,12326
10052189,,12170
312202543,,12407
312329238,,3942
100521999,,3064
25870871,,10431
147169291,,8662
100526643,,13500
76588345,9562ftm,5411
385632798,,12090
100531410,,6986
312201916,,3064
83345637,,11991
100531500,,3064
312198001,,9614
312341037,,11278
100534629,,3064
312196429,,4830
385629651,,2284
100538751,,10431
258713493,,2284
8334560,,5533
100543209,,7401
258716136,,7995
96406570,95quhh9,5573
100551489,,198
31219178,,10120
147170377,,8376
100554489,,3660
258717246,,6456
312356241,,8385
100556481,,7393
258722196,,7995
38562890,,9086
100558386,,10364
76588345,955mv67,5411
385627731,,9017
100560519,,5273
312191182,,5446
312356814,,8561
100562379,,8270
258724302,,7939
312360303,,11406
10056362,,1483
258733644,,8099
14717134,,8234
100570026,,8405
312181585,,10120
312363309,,7393
100571853,,3397
76588345,9556nat,5411
312372051,,6648
100572816,,8099
258736698,,12861
312388635,,1649
100579449,,7572
76588345,9552wsw,5411
312390210,,10576
100585539,,6794
25874366,,11406
96406570,94h6acb,5573
10058768,,4396
131790573,,7876
385622595,,5635
100592754,,1954
258745560,,6417
312397569,,12326
100593597,,6986
131791296,,1963
31239769,,6648
100593612,,7995
312172813,,12090
110127628,,3956
1005945,,12370
258745623,,9614
312402024,,10431
100598790,,732
312172720,,8495
312404469,,6648
100605786,,12090
312171088,,4172
83343444,,7390
100608165,,11492
258750090,,4830
83340348,,7350
100608690,,3537
258753405,,10431
312410967,,4830
1006140,,8561
312170761,,6648
147181453,,5273
100625493,,3064
258755730,,11406
83340339,,3368
100626933,,3660
76588345,9552jgr,5411
385615668,,8792
100635399,,10582
258757524,,7791
312420,,1963
100637232,,7995
312161875,,4830
312420261,,8094
10064414,,3064
76588345,954o1v6,5411
385612443,,7350
100646346,,5320
312159316,,3660
147186250,,6648
100652082,,12326
76588345,954gjd9,5411
312435669,,8099
100655028,,10431
76588345,954aonp,5411
312437670,,10431
100658424,,9614
258766383,,12090
312438366,,9829
100660062,,10120
101403065,,3660
312440940,,7978
100667874,,11991
312156853,,4830
147192496,,8661
100669998,,10544
312145711,,3690
385610118,,9614
100671390,,8270
258768936,,7876
312441627,,3368
100678596,,24
25876895,,3660
312442650,,10544
100684539,,12221
31214159,,8254
312445488,,2284
100687011,,5351
13179223,,10920
312452196,,10501
100687929,,6367
13179304,,10460
385603344,,4778
100690548,,3064
258773163,,9086
312460635,,9569
100692549,,6648
76588345,951ojc5,5411
312464313,,8142
10069361,,6858
258775104,,2163
14719459,,12326
100695813,,5988
312140929,,2225
385601649,,8254
100698810,,3064
258777711,,12375
312471207,,12304
100701198,,9086
312139513,,6631
147198109,,5752
100704000,,7995
258779964,,5932
312472773,,6986
100705917,,4677
312137542,,3956
312473268,,7572
10070900,,11492
76588345,951htuk,5411
385601001,,7572
100713618,,9569
312131176,,8405
31247341,9h02g0h,1213
100719621,,2029
312130456,,7876
83339271,,3483
100720419,,10431
312130414,,6648
312475725,,4588
100726566,,10501
258786234,,12553
312476394,,3064
100730796,,8561
258790086,,3064
312478890,,11991
10073570,,11952
258790839,,5932
3855919,,9086
100739856,,7995
312127084,,7939
312481071,,6417
100740708,,12326
258794454,,12067
96406570,95quhbq,5573
100742688,,12630
258794568,,10735
385591749,,12090
100754481,,2284
31212683,,7663
147204826,,7572
100759116,,2284
76588345,951335n,5411
312484713,,2284
100760280,,6648
258798831,,4245
312492687,,10082
10076825,,10431
312126388,,4533
147209302,,8270
100770579,,8561
258801345,,198
14721067,,6648
100770894,,4561
131796702,,7572
312504234,9qv9esl,7350
100771707,,10501
258801444,,11991
312504306,,10464
100776636,,8270
76588345,950toak,5411
312504375,,6648
100778313,,12090
312125152,,4245
385577139,,11492
10078061,,12158
258809652,,8376
312504918,,9205
100782828,,4830
76588345,950to7m,5411
312507840,,6417
100783035,,10895
258810399,,2284
312509112,,10544
100783824,,8179
312123022,,8685
96406570,94h6c7c,5573
100786863,,8376
312121417,,2284
147224074,,4778
100787148,,9933
258815622,,2284
14722810,,332
100789266,,11406
258815643,,10356
312521454,,8179
100796199,,4588
131796792,,10431
31252393,,3064
100802439,,2284
258819999,,11406
31252696,,7311
100802655,,6648
258823407,,10431
312527145,,6526
100805061,,3925
1317998,,5533
385570647,,7995
100813875,,3660
31211264,,3064
312530826,,12304
100814553,,7971
258826383,,4677
312533547,,3064
100823988,,6750
258826698,,7350
385568259,,4830
100824702,,3064
76588345,9502mc3,5411
312534561,,3321
100836255,,4245
312102277,,11406
385568034,,3960
100838490,,4396
312101350,,6648
83327310,,4008
10083860,,5065
258827499,,7572
312539607,,3064
100840113,,13500
76588345,94ref2w,5411
312539907,,2929
100845123,,3064
312100486,,8561
312542655,,8661
100849974,,5351
312098242,,10015
110131303,,12996
1008549,,3064
312097339,,1963
312546099,,6417
100855113,,8501
258830880,,9614
312546309,,3064
100859121,,6272
312094213,,11406
312547308,,3660
100860711,,8094
312093529,,11406
31255741,,9017
100862010,,6648
312093205,,2683
31255771,,1954
100875312,,4008
25883780,,12067
312563115,,7876
100878708,,7619
131800593,,4553
385556991,,3942
100883724,,10662
312088162,,6648
14723749,,12630
100884720,,4830
258837837,,6632
312566214,,7850
10090157,,1213
25884377,,10431
312566994,,5480
100905798,,10120
1082237,,7174
31256899,,7876
100905855,,5273
312083989,,4830
312570837,,9614
100912548,,10431
258848319,,8270
312571770,,3017
1009131,,5533
258849819,,3723
147240649,,4245
100913547,,12158
312079054,,10431
38555144,,9569
100913931,,7850
312078343,,8605
312574008,,13500
1009140,,3956
258851808,,12304
312579645,,9086
10091714,,13547
258857781,,1278
312583668,,11039
100917546,,7876
258861234,,3064
312584073,,3397
100921338,,7939
312047242,,7995
312584271,,7939
100922232,,7791
25886474,,6648
312585021,,10137
100923561,,4830
76588345,94re5li,5411
31260115,,3660
100928046,,12326
258868071,,6648
385546155,,12536
100928058,,8444
76588345,94nv95m,5411
147243844,,1649
100928115,,8270
258872631,,7393
312603669,,4245
100929444,,3660
312044179,,5153
312604611,,11406
100936707,,11406
312044125,,9614
312605001,,2225
100937943,,7995
312043156,,12221
312607935,,13284
100951257,,10356
258875493,,4431
110133223,,7995
100951863,9h03u0r,1213
13180513,,2443
147243994,,12553
100956606,,12630
312039742,,438
312624057,,9334
100958256,,8270
258878988,,5533
385541460,,3064
100961073,,9086
76588345,94n19r9,5411
385539795,,4778
10096517,,3537
312037531,,3064
312630624,,3368
100970811,9h030hc,10012
258884715,,8270
312631536,,10431
10098428,,7939
131805321,,10431
312633843,,8561
100986768,,5879
312036922,,8270
312636933,,7140
100989804,,1242
258885519,,5930
312637299,,8270
100992654,,8792
312036097,,9569
312639588,,7737
100996386,,3368
131810115,,8710
312645417,,6417
101000517,,12553
312034393,,3064
147244786,,2225
101001108,,3660
312033214,,6648
312651498,,7390
101001264,,8270
25889711,,3064
312652476,,10464
101001582,,6648
258897162,,4245
385535682,,8661
101008599,,7876
312031153,,4561
312656265,,10431
10101023,,11406
76588345,94loltb,5411
31265881,,2284
101010405,,6648
312028453,,6648
312661863,,7876
101018409,,7350
258898110,,12096
110134180,,7311
101023848,,6648
76588345,94l9dc0,5411
312662373,,10431
101028390,,6643
312024118,,4230
312665172,,3000
10104485,,4864
258909801,,8646
312673497,,5635
101049744,,4008
312023026,,9614
312673809,,8099
101050866,,12630
312020002,,12090
83325597,,9086
101051280,,5273
312019162,,6648
312675831,,12067
101053128,,9569
258913689,,12090
312677814,,10431
101053986,,7239
258915213,,10582
312679767,,7995
101054322,,5055
312018016,,4830
312681723,,13547
101055324,,7995
312017308,,10085
312686535,,8124
101068803,,12170
258917454,,8179
83320899,,8646
101070912,,4245
258918573,,6631
31268848,,4008
101071269,,732
312017137,,12304
147253282,,3660
101076462,,6417
76588345,94jrmkm,5411
312695166,,6648
101081211,,7995
312016138,,4245
312697983,,3660
101084634,,1599
258919923,,12090
312700905,,6643
101096343,,11991
312013768,,9155
385525929,,13374
101098293,,11406
312012895,,11406
312701850,,12370
10109912,,10412
312010888,,12732
31270198,,6648
101099388,,12067
312006739,,150
385522710,,11406
101103153,,6794
76588345,94jrmjr,5411
312710796,,9618
10110809,,9614
312005599,,3064
312713979,,13500
101108181,,10431
258927825,,7572
312714978,,9334
10111133,,12630
131811981,,10431
312717468,,10582
101114316,,10431
258934821,,12067
385519617,,9614
101117241,,10431
76588345,94h6gjm,5411
83320164,,11406
101120949,,362
312001483,,12067
31272040,,9618
101125419,,3064
258938103,,9614
312723807,,11406
101127024,,3368
76588345,94h6gaf,5411
147257887,99nfcke,9031
101128893,,7939
312001219,,10290
312726069,9rgnppm,1213
101130987,,4599
258943068,,8270
147257887,99ct213,9031
101132571,,7791
258943287,,7791
312731109,,5233
101135367,,4245
311991114,,6648
147257887,99ctrbd,9031
101140512,,8487
258943665,,1169
147257887,99ct2gl,9031
101144253,,13500
258944037,,10431
147257887,99ctq3e,9031
101146401,,7995
90509917,,24
147257887,99ct77w,9031
101156748,,7876
258944124,,7233
147257887,99ctep9,9031
101161356,,3064
25894448,,7350
147257887,99nfeg9,9031
101167941,,3064
311988945,,3846
385515045,,12090
101169231,,11991
258946038,,7995
147257887,99ctwco,9031
101169681,,6367
76588345,94fr1uk,5411
147257887,99nfcjt,9031
101171067,,8179
311980431,,11492
3127459,,12630
101173929,,2284
258946383,,3660
385508676,,8646
101178549,,9569
258946761,946jqve,5678
312748476,,5273
101188461,,9569
311978877,,10364
385508298,,12536
101193945,,6648
258951723,,6526
147257887,99ct2hd,9031
101196792,,3960
311976360,,3064
312756867,,12570
101197842,,7619
258957141,,8561
147257887,99nfkfb,9031
101199171,,4830
258959442,,9829
385505112,,2284
101208078,,6648
76588345,94ebrie,5411
312758124,,12067
101208567,,836
258959487,,10431
312763839,,4533
101211075,,10290
258962232,,11991
312763887,,12221
101212086,,13500
76588345,94e1ei3,5411
147257887,99ct7j7,9031
101220102,,332
311972364,,2284
312764166,,8491
101220363,,3064
258963366,,10699
147257887,99ctjnw,9031
101223894,,7393
311968479,,11376
312766572,,13374
101234529,,8099
108228162,,3925
147257887,99ctoil,9031
101240427,,12630
258964806,,10015
385504812,,6648
101240823,,11406
76588345,94dkvpt,5411
312766941,,3064
10124231,,6367
258966162,,732
147257887,99ct727,9031
101244510,,10431
10823077,,7876
147257887,99ctlbs,9031
10124576,,1169
311964504,,332
147257887,99ctn9e,9031
101247708,,13500
311963868,,5712
385503177,,1892
101250261,,8744
13181680,,3064
385501278,,1963
101252364,,3368
311962665,,3064
312775197,,8744
101256222,,8099
258968481,,3064
312775218,,9569
101260065,,10460
258968577,,6700
385498935,,5993
101263638,,12996
258968922,,10290
312775464,,8405
101264379,,12630
311960691,,4533
312775548,,94
101265645,,3064
131818161,,6648
312777345,,8376
101268318,,10431
258969177,,7572
147257887,99ctrad,9031
101274900,,2284
76588345,94di7ma,5411
312781143,,8099
101276445,,3064
258969750,,5993
312785109,,11991
101278038,,3064
311955990,,10939
147257887,99cti27,9031
101279640,,7643
311953872,,2334
312788121,,4830
101281623,,11406
258974241,,8744
147257887,99nfvcm,9031
101283453,,10356
131821284,,7876
385483857,,10544
101285346,,12090
258977229,,10431
147257887,99ct6b4,9031
10129184,,4008
311953794,,4778
147257887,99ctjd7,9031
101293179,,3000
13182148,,7390
312793938,,7350
101295177,,8179
311949057,,732
312796680,,3660
101297250,,5002
258979212,,12090
147257887,99ct70e,9031
101300790,,7143
76588345,94cp1hd,5411
385479159,,9569
101304246,,9189
258984873,,951
147257887,99ctjj9,9031
101304930,,5930
311946420,,3064
385478247,,3368
101306499,,10431
31194155,,6648
147257887,99ctjqq,9031
101307306,,12090
311941326,,9017
312812085,,2029
10130888,,4245
311937420,,9450
147257887,99ctlbj,9031
101313267,,10431
258993720,,9205
385477161,,2334
101321082,,10431
311936082,,9232
312812856,,10356
101328870,,11406
258996792,,6648
312813684,,3925
101332032,,4677
259000638,,198
312819342,,5801
101337426,,7311
259003767,,3660
312822510,,3064
101346942,,10501
76588345,947bd0w,5411
147257887,99ctwhd,9031
101348346,,3942
311932701,,4778
147257887,99ctrti,9031
101348907,,1169
259010409,,3064
312825312,,12067
101362458,,3064
76588345,946jgln,5411
312828207,,8099
101365398,,705
311929779,,5932
38547323,,12630
10136540,,24
76588345,946jghh,5411
385470765,,10431
101377686,,7876
311928348,,3064
385470663,,4588
101378157,,10236
259011147,,4830
312840717,,10063
101385981,,10063
131829897,,4553
312841125,,9450
101387202,,12630
259012338,,12553
31284160,,10431
101387325,,8376
25901585,,10431
31284256,,2284
101393895,,3956
311917623,,10431
385466121,,7350
101394039,,4230
76588345,946it0j,5411
312846807,,4245
101395545,,10431
76588345,944k3tt,5411
312848898,,3368
101397093,,10347
311917146,,7467
147262588,,11406
101402244,,3064
311913498,,10616
385465152,,3960
101402706,,11406
259020129,,5533
312857532,,8646
101405865,,11406
76588345,944k3k9,5411
110137687,,11991
101413395,,279
311907705,,8695
312858444,,3064
101417544,,9450
108233004,,198
385461945,,9017
101421420,,4830
13183789,,6456
312860955,,8990
101422464,,10431
259026951,,7140
312863361,,438
101422932,,9614
311907378,,3660
38546012,,9205
101423964,,6648
259032012,,5930
312865791,,5273
101424606,,10431
311905365,,7995
147266731,,11406
101426196,,8234
259032495,,11497
312871011,,3942
101428467,,8744
311901300,,7350
312872655,,1169
101430642,,3064
259039551,,7995
312877410,,12823
101432,,3064
131844369,,1963
312878055,,2029
101433474,,4245
311890440,,12067
385457241,,9450
101434275,,8376
259040817,,10501
312880458,,13500
101436414,,11406
311888601,,8099
312886551,,2334
101442081,,9614
311888151,,9086
147270883,,8695
101443533,,2284
311886279,,7995
312887547,,8744
101444370,,4543
311881677,,9569
96406570,95quf47,5573
101445819,,4830
259044174,,5711
385454118,,3064
101446593,,9789
31187390,,1963
312890187,,3960
101447766,,3064
259045881,,10699
312890466,,4245
101449161,,12630
76588345,943tq9t,5411
312891246,,6648
101449725,,2029
259047714,,8344
385449930,,9086
101450925,,6417
13184692,,10501
312893187,,6304
101452743,,7995
311870490,,8561
312893751,,8405
101452962,,3487
311869995,,2874
312893979,,3064
101453754,,1963
311868819,,1963
147273955,,5287
101455971,,3397
76588345,943m0j9,5411
3854431,,3064
101459871,,408
108234597,,3925
312898833,,9450
101460759,,4245
311865345,,8685
96406570,94h6fks,5573
101461335,,9569
259052238,,3064
3129,,438
10146698,,10467
259052706,,8685
385439343,,9017
101467575,,1483
311864631,,9086
83318739,,11406
101468145,,12221
259052889,,9614
312903021,,10431
101469297,,4543
311864523,,8678
147274225,,3067
101470410,,4677
259053270,,3064
312905637,,9569
101473848,,3064
76588345,943jw3s,5411
312908352,,4533
101477481,,4582
311860053,,3064
31291132,,8792
101478204,,6648
31185776,,8695
312911442,,12326
101478207,,10582
259053753,,4830
312914442,,8662
1014822,,9307
131848773,,4830
312916698,,3660
101483073,,6648
311856855,,11406
312917571,,4245
101485626,,5408
259063296,,4830
312926628,,6456
101495250,,10431
76588345,9431q0c,5411
312927201,,4008
101502855,,8561
311856189,,8744
385431978,,12553
101506761,,10012
259067763,,10734
385430661,,12630
101507634,,2284
311852229,,5752
31292953,,198
101507979,,11782
311848983,,8270
147279967,,8561
101513430,,9232
131849451,,1213
312929631,,5186
101515176,96kajlv,7350
311840274,,9086
312935025,,8685
101517828,,8254
311831871,,279
3854272,,6417
101520141,,7995
311825913,,4670
312936084,,5533
10152569,,6648
259074954,,13042
385425081,,10137
101526678,,6417
259078611,,8662
385424754,,9815
101526897,,9614
259082061,,10431
312944613,,8646
101534943,,8491
311823756,,4172
31294501,,3960
101540,,2683
131850690,,8179
312949599,,7572
101542878,,6562
259085232,,4830
312952920,,6648
101550828,,12630
76588345,942n9s5,5411
147285085,,12090
1015593,,8376
259086993,,3690
312955806,,4582
101565330,,2158
259087857,,11406
31295755,,5273
101566824,,10356
259088097,,7233
312963909,,10179
101569050,,6648
311815044,,6247
385419210,,10825
101571423,,7401
311814162,,9569
31296475,,8828
101574558,,8270
90503809,,7995
312967743,,2284
101576982,,279
311813904,,7939
312968355,,12170
101578896,,10431
311811816,,9017
385413411,,6648
101583540,,7572
25909037,,5457
31297546,,3064
101586885,,4561
31181123,,3000
385409151,,11969
101587611,,14047
311805474,,10825
312979032,,3064
101588262,,11991
25909061,,12370
312979257,,6648
101591838,,8595
311802291,,5351
312981288,,9086
101593206,,3397
76588345,941tw2k,5411
147288139,,12067
101595249,,4245
259093938,,10431
312987000,,13547
101602539,,150
259094172,,332
312988986,,5962
101606505,,3537
311799087,,8099
31299076,,6648
101610174,,7572
259098798,,2284
312993465,,8990
101611437,,4778
311796912,,7995
385407633,,4282
101618508,,8270
131854077,,9450
312995214,,3660
101622744,,12090
259100577,,7140
14729431,,6456
101624088,,10120
311796747,,2029
385403793,,10120
101631774,,12326
259101762,,9155
313003932,,3064
101633913,,3660
311790654,,12630
313006794,,7971
101636814,,10699
259105371,,9232
313007439,,3067
1016430,,10431
76588345,944bdn6,5411
313009623,,597
101649192,,9189
311790453,,4895
385399338,,1242
101649684,,7401
311790357,,1169
313024389,,11991
101649900,,10920
259113303,,8595
385391166,,5351
10165010,,10236
76588345,944k3k4,5411
313025157,,5706
101651412,,8254
311789718,,5932
313025439,,9789
101652051,,12862
76588345,944lq1a,5411
313027197,,8270
101656743,,10356
311785119,,8099
313030977,,10412
101659368,,10431
311783763,,4778
313041324,,9933
101660958,,4830
76588345,946wufn,5411
313045515,,10892
101661198,,4245
311780472,,8099
110142634,,7619
101668173,,705
259116801,,3064
313045968,,9614
101673567,,6648
131857890,,887
313048206,,10431
101676198,,3660
259118199,,3064
313048380,,11039
101679354,,3368
311773236,,7791
313048749,,1344
101680014,,8685
259125936,,7467
11014347,,2158
1016808,,10544
311770317,,9614
147304054,,10544
101685243,,4778
259131558,,3368
313059372,,10662
101686896,,11406
259135842,,10431
147305407,,3723
101691999,9rg2hh7,1213
259137123,,10544
385378311,,382
101692218,,11497
259137297,,94
313067028,,4830
101694078,,8710
131858391,,8270
96406570,95qu1rl,5573
101696916,,4582
311754111,,12326
31307317,,4582
101699352,,8099
76588345,9471mqc,5411
83317191,,3397
101700441,,10431
259140345,,12326
385369599,,10015
101711724,,11406
259146912,,9569
313080006,,12370
101712744,,3321
76588345,9476b46,5411
147306376,,5351
101715531,,3942
311753535,,9618
385367898,,12221
101716332,,150
259149465,,6648
313087068,,12304
101716866,,4778
259150269,,12170
313092294,,9569
101719911,,2284
311752377,,11406
385367703,,8099
101722806,,12090
31175021,,3397
313096689,,8685
101727927,,10356
76588345,947vrhh,5411
313098159,,3660
101735418,,4245
259152378,,9569
313099863,,4830
101740803,,9569
311744289,,10063
147310459,,8254
101742960,,8724
311739678,,7876
313100370,,10467
101744589,,4778
259156530,,12996
83313249,,10576
101745255,,7876
259156752,,4245
313104303,,94
101746479,,5141
259159059,,8444
313104585,,6631
101748258,,12403
90502189,,12067
385361844,,5077
101748300,,8270
311737581,,9569
385361238,,8662
101752479,,8561
311736255,,887
313104603,,9593
10175648,,9205
259159752,,9086
31310539,,9334
101760270,,11991
311735811,,12067
385360248,,8605
10176092,,3397
311734893,,12067
313105572,,6794
101769135,,9307
311734641,,4582
313106979,,8990
101769618,,3064
76588345,947vtfg,5411
313107201,,2284
101773026,,10290
311728881,,11522
313107528,,12919
101783109,,5273
259175967,,5533
313108809,,3064
101784363,,11991
259176129,,7995
31311130,,2284
101786403,,10063
108240894,,9829
147314323,,3064
101790723,,5153
76588345,94a1vmp,5411
31312477,,14047
101791215,,6648
311727807,,3660
147314995,,2334
101793867,,12536
259177563,,10120
313129425,,3064
101802468,,5153
311727237,,2284
385357791,,3000
101803404,,10699
76588345,94fdcqf,5411
313132446,,7350
101809992,,12553
311725881,,3397
96406570,94h6fm5,5573
101810178,,3064
259180626,,3960
313140948,,6272
101814090,,3660
311724351,,4230
313141458,,7995
101818614,,2284
311718546,,3064
147319168,,5273
10182269,,198
76588345,94g0ggg,5411
385350582,,8491
101825046,95qq0e6,1213
108241173,,4830
313143789,,2334
101832855,,8099
311710464,,6648
313150137,,9614
101832861,,5273
259186419,,3723
147320284,,6648
101847081,,8605
311707251,,5141
385349928,,3064
101853294,,9232
31170713,,9205
313155585,,3925
101866101,,12170
76588345,94h6263,5411
313161084,,8179
101870310,,11699
259191798,,10662
313166124,,3660
101873559,,6502
131870421,,9569
313169217,,5993
101873625,,11497
311703684,,9232
385345746,,1032
101874819,,1029
311702898,,13901
313174800,,7876
1018752,,7572
259195194,,11376
313175637,,7393
101876232,,6247
311700231,,4245
110149948,,3321
10187696,,3660
259197345,,9933
313182918,,198
101877381,,8662
311697897,,4282
147329833,,7390
101878074,,12630
259198164,,10576
313187130,,11406
101882328,,10412
259201695,,7239
313187160,9rg270o,10012
101888358,,10431
76588345,94h6gju,5411
313187160,9rg27u9,10012
101890887,,8646
311680974,,3942
313189329,,3660
10189229,,6648
311678388,,8327
385339329,,9614
101900694,,7995
76588345,94j43qm,5411
385338687,,12221
101901648,,997
131874615,,4864
385335786,,10356
101903007,,10431
311674683,,1649
385334613,,11406
101905431,,10431
259208772,,7619
313204647,,12067
101905728,,8270
311673675,,9618
385333140,,4778
101906016,,11406
311670792,,3064
385331364,,8270
101910879,,5141
76588345,94kwibh,5411
313207071,,1169
101911623,,9086
311670543,,12630
313207236,,7715
10191290,,6700
31166891,,10290
110150908,,12090
101920569,,6919
259219158,,10356
313212096,,4830
101922192,,10544
2592200,,9023
313213038,,5141
101926374,,5273
76588345,94ll5cl,5411
31321450,,8270
101927232,,12067
76588345,94m3c1v,5411
385327086,,4327
101933835,,6648
76588345,94mnrov,5411
313217151,,1169
101942412,,11376
311662572,,5752
313217346,,3690
101947473,,7350
90497467,,4778
313219461,,10431
101949018,,2683
311660025,,12221
313223931,,10544
101949282,,8058
259230495,,198
385321818,,7619
101954856,,8561
311657880,,10431
147340906,,660
101956542,,3064
131883036,,10431
3132259,,11406
101961051,,11976
311654676,,5291
313226037,,438
101961270,,6794
259240191,,4778
110152972,,8270
101963439,,10464
311652630,,150
313227765,,56
101965770,,2284
76588345,94mnwm7,5411
385316508,,1971
101970339,,2252
259243773,,7995
96406570,95qu0lb,5573
101970399,,11406
76588345,94rlhce,5411
313230372,,10431
101973270,,12758
311648688,,4677
313230894,,7143
101974251,,12630
259245324,,7995
313231617,,4582
101980248,,4582
259247214,,4245
313233186,,3660
101983518,,2334
311641557,,3064
147341287,,13500
101988867,,11406
311634357,,9205
385310850,,8561
101989074,,8254
76588345,94v37rh,5411
313239981,,11406
101989830,,198
259250238,,10431
313240743,,2284
101990700,,4830
131887503,,10431
313241022,,1963
102002157,9623ktq,8139
25925063,,7572
313242096,,3368
102003294,,4008
131887953,,3690
385304775,,7791
102010854,,3321
259250976,,12570
313251951,,10015
102011814,,10732
311628528,,3064
147346198,,2284
10201307,,3660
259256502,,10120
313263267,,13500
102013788,,3942
25925666,,3064
147347794,,3064
10201724,,3064
31162748,,6648
313265085,,8744
102021243,,3064
311625540,,12570
313265088,,8561
102023157,,12090
76588345,94vkm5w,5411
313270107,,12630
102025512,,12630
76588345,9.50E+39,5411
385297857,,13547
102028566,,9829
31162121,,14047
313272540,,3064
102031146,,7350
311619831,,3660
313272768,,11406
102041094,,2284
259266039,,8561
31327354,,6658
102044055,,4582
311617566,,8179
313275759,,9086
102049530,,3397
259266225,,10012
110155216,,11406
102051318,,6608
311614089,,6648
313280814,,4582
102058266,,5930
76588345,9504e3j,5411
313283007,,9086
102058383,,6588
311602137,,11991
147350878,,13500
102062583,,1242
131893176,,7350
313284621,,10544
102064917,,4245
259278417,,3660
313284789,,12791
102073686,,7995
76588345,950a2lp,5411
385295067,,2936
102075711,,7401
76588345,950ssar,5411
313285197,,438
102078042,,11952
311593839,,2284
313286769,,5351
102088866,,13686
108249831,,5236
313291143,,11376
102089157,,2284
259286802,,10699
38529371,,11406
102090147,,10501
259292655,,8561
313298511,,6417
102091785,,8685
131899059,,3660
313299642,,4588
102092502,,8179
259296090,,3064
3133021,,3064
102092748,,10063
76588345,950sspu,5411
313306599,,11991
102093666,,10544
259297302,,9614
147352189,,6648
102095217,95wjoga,10544
76588345,950tbkh,5411
313313658,,4677
102095217,956sg0q,10544
259303140,,11991
83293539,,5273
102095217,956mr45,10544
311574921,,10356
313315917,,11406
102095217,956menm,10544
311571936,,9569
385291005,,10967
102095217,956mm6w,10544
1082519,,2284
313322520,,2252
102095217,95f7q1n,10544
311567262,,3368
313324671,,6225
102095217,95bptk5,10544
259305777,,2225
313325364,,94
102095217,950tc4f,10544
108252735,,10431
313328646,,6648
102095217,95f63gi,10544
25930616,,5153
313330308,,2284
102095217,95qq2q4,10544
31156466,,9307
147355030,,5273
102095217,956jbdw,10544
97951730,,13500
385287543,,7876
102095217,95ugeb0,10544
76588345,9515evd,5411
31333474,,9815
102095217,99vswds,10544
259313838,,10356
83290185,,1169
102095217,95qq2q9,10544
311549166,,13985
385287540,,1649
102095217,9hq4dni,10544
259317762,,7467
147358654,,7876
102095217,99b5bb9,10544
311547363,,3846
31334590,,10544
102095217,96kaktd,10544
311544825,,3064
313347867,,10431
102095217,94disji,10544
259324815,,13686
313350177,,3064
102095217,955la42,10544
131905815,,7995
385286187,,10544
102095217,95b9l6s,10544
259334916,,7995
313354701,,10356
102095217,95qcq1m,10544
311539041,,3397
385285083,,10431
102095328,,2568
90497071,,5752
313358037,,11406
10209626,,8099
259337994,,9614
313361091,,7572
102105903,,6133
311526594,,9205
14736355,,7233
102111882,,1773
311524272,,7978
31336120,,6648
102116478,,2284
76588345,951avlr,5411
313363608,,7350
102117291,,7572
259350291,,10120
313363752,,10544
102122301,,8099
311523480,,2334
313365291,,2284
102122793,,11406
259355112,,2029
313365321,,5706
10212392,,3942
259356306,,7995
385278279,,597
102126231,,9569
259357953,,11406
38527790,,4990
102127542,,11406
31151942,,9569
313371798,,10544
1021278,,2029
259358106,,12630
385276563,,8099
102128562,,279
131911770,,9933
313375977,,5752
102136797,,3064
259359525,,7572
96406570,94rl6au,5573
102137949,,6648
311518980,,5533
110156383,,7995
102139722,,2284
311518668,,2225
31338079,,7350
102144255,,7572
311518098,,1294
96406570,95qt7dr,5573
102145488,,2334
259363503,,8179
313383879,,13374
102145542,,10431
311515353,,5712
147377623,,4722
102145704,,10364
259364274,,13348
31338778,,10431
102147465,,12067
259368396,,10544
313392744,,7311
102148707,,10544
311514345,,3960
313393431,,4778
102157869,,5273
311513973,,3000
147381349,,5533
102158148,,7876
76588345,951h0kn,5411
313398207,,13500
102163317,,4830
259372617,,4582
31340440,,11406
10216919,,8561
311508972,,9205
313405059,,8792
102179184,,5993
13191574,,10356
147381667,,4722
10218371,,10431
31150541,,4172
313406409,,7140
102186543,,8099
259378785,,6648
96406570,94rls1w,5573
102192873,,6630
259379259,,11406
313408935,,7995
102194994,,3064
259379739,,4582
385265691,,11406
102196008,,6648
259381071,,6648
313409124,,10460
102196107,ffad71u,1463
76588345,951ht0m,5411
313410126,,6648
102202959,,12170
311501715,,11406
385262988,,4282
102204456,,10431
76588345,951htt7,5411
83283846,,10356