user_id,item_id,behavior_type,user_geohash,item_category,time
98047837,232431562,1,,4245,2014-12-06 02
97726136,383583590,1,,5894,2014-12-09 20
98607707,64749712,1,,2883,2014-12-18 11
98662432,320593836,1,96nn52n,6562,2014-12-06 10
98145908,290208520,1,,13926,2014-12-16 21
93784494,337869048,1,,3979,2014-12-03 20
94832743,105749725,1,,9559,2014-12-13 20
95290487,76866650,1,,10875,2014-11-27 16
96610296,161166643,1,,3064,2014-12-11 23
100684618,21751142,3,,2158,2014-12-05 23
100509623,266020206,3,tfvomgk,4923,2014-12-08 17
101781721,139144131,1,9rgt162,3424,2014-12-13 21
103891828,255365467,1,96sjmho,552,2014-12-01 13
101260672,212072908,1,95q0is4,10984,2014-12-12 11
104811265,322736792,1,,6513,2014-12-11 19
103802946,382807809,1,,13103,2014-11-20 23
104221274,262661866,1,,4370,2014-12-14 12
110418606,144902506,1,,11639,2014-12-09 16
100684618,185630324,1,,5204,2014-11-26 11
100509623,76021805,1,,1308,2014-11-21 12
101781721,19349307,1,9rgt16g,1863,2014-12-12 12
103891828,149380817,1,,7876,2014-12-08 21
101260672,395905225,1,,14018,2014-11-28 09
104811265,328893812,1,,5894,2014-12-05 11
103802946,142178953,1,,12536,2014-11-23 21
104221274,114830658,1,,9516,2014-11-29 09
110418606,335988905,1,,10703,2014-11-25 19
100684618,66146539,1,,3783,2014-12-05 23
100509623,236195070,1,,1863,2014-12-15 14
101781721,46475830,1,9rgt17q,13230,2014-12-16 21
103891828,260817036,1,96sjmhk,552,2014-12-01 13
101260672,133494673,1,,4700,2014-12-17 20
104811265,391073843,1,,10314,2014-12-15 15
103802946,194298205,1,,11406,2014-12-18 21
104221274,256864783,1,,6512,2014-12-04 21
110418606,148461212,1,,10703,2014-11-24 20
100684618,375252803,1,,5399,2014-12-11 23
100509623,212091747,1,,3431,2014-11-26 13
101781721,5166487,1,9rgt17v,9829,2014-12-18 14
103891828,145981615,1,,7876,2014-12-11 08
101260672,49473169,1,,2993,2014-11-25 02
104811265,340843808,1,,6000,2014-12-15 20
103802946,4193777,1,,1121,2014-12-07 20
104221274,304725553,1,,9516,2014-12-14 23
110418606,208055366,1,,10703,2014-11-25 20
100684618,21751142,1,,2158,2014-12-05 23
100509623,273118637,1,,3431,2014-11-19 11
101781721,313509440,1,9rgt17c,10431,2014-12-14 17
103891828,206421787,1,,1126,2014-11-24 12
101260672,161585583,1,,13619,2014-12-17 01
104811265,219657413,1,,10523,2014-12-05 08
103802946,194298205,1,,11406,2014-12-18 21
104221274,284140496,1,,5689,2014-11-24 19
110418606,140784127,1,,10703,2014-11-24 19
100684618,94486594,1,,10984,2014-12-12 23
100509623,266020206,1,,4923,2014-12-15 18
101781721,283538678,1,9rgt17g,1863,2014-12-17 12
103891828,248073278,1,,7876,2014-12-11 00
101260672,362146347,1,95qsbd4,2254,2014-12-16 12
104811265,202500981,1,,9614,2014-12-04 10
103802946,98973600,1,,8656,2014-12-14 00
104221274,39866123,1,,12141,2014-12-08 08
116730636,270690990,3,,1674,2014-12-17 11
100684618,397418323,1,,5399,2014-12-06 20
100509623,64021960,1,tfvombg,4923,2014-12-08 17
101781721,46475830,3,9rgt17a,13230,2014-12-16 12
103891828,213542895,1,,329,2014-12-16 22
101260672,283463980,1,95qsbdu,2254,2014-12-17 10
104811265,361649536,2,,10523,2014-12-05 08
103802946,190848347,1,,5232,2014-12-12 22
104221274,278432568,1,,7727,2014-11-23 20
116730636,342201239,1,,10213,2014-12-09 19
100684618,278753736,1,,1606,2014-12-14 11
100509623,397793541,1,,3431,2014-11-24 18
101781721,164843429,1,9rgt16n,10431,2014-12-14 13
103891828,149380817,1,,7876,2014-12-08 21
101260672,47869935,1,,13230,2014-12-14 19
104811265,80446342,1,,9614,2014-12-04 09
103802946,58347614,1,,6516,2014-12-13 22
104221274,254322054,1,,5399,2014-12-18 19
116730636,199003005,1,,12143,2014-12-13 19
100684618,128274652,1,,8179,2014-12-10 09
100509623,70778374,1,,1098,2014-11-19 11
101781721,106292084,1,9rgt16e,2513,2014-12-17 17
103891828,398798448,1,,1126,2014-11-24 12
101260672,112620970,1,95qsbdj,2254,2014-11-19 17
104811265,111298091,1,,9614,2014-12-04 10
103802946,362997518,1,,11541,2014-12-13 22
104221274,21663778,1,,9516,2014-12-06 09
116730636,307377336,1,,12488,2014-11-24 21
100684618,21751142,1,,2158,2014-12-16 19
100509623,208961216,1,,12221,2014-11-22 16
101781721,372499531,1,9rgt16q,3424,2014-12-13 12
103891828,1745208,1,,3381,2014-11-28 17
101260672,306743172,1,,3424,2014-12-14 19
104811265,354843735,1,,10585,2014-12-12 21
103802946,182989675,1,,8656,2014-12-13 23
104221274,380375472,1,,6513,2014-12-07 08
116730636,303940848,1,,11956,2014-12-15 12
100684618,108896744,1,,5894,2014-11-23 23
100509623,353516506,1,,1863,2014-12-17 10
101781721,331481745,1,9rgt17f,1863,2014-12-12 21
103891828,203966432,1,96sjo25,11652,2014-12-05 13
101260672,168654569,1,,3424,2014-12-14 19
104811265,400499276,1,,9614,2014-12-04 10
103802946,249472291,1,,8656,2014-12-14 00
104221274,353494659,1,,12141,2014-12-02 21
116730636,303940848,1,,11956,2014-12-15 12
100684618,209873828,1,,12268,2014-12-03 20
100509623,112891703,1,,1863,2014-12-15 14
101781721,127115192,1,9rgt12p,7195,2014-12-17 16
103891828,203966432,1,96sjotb,11652,2014-12-04 20
101260672,381221877,1,,3424,2014-11-28 13
104811265,26017196,1,,10585,2014-12-12 22
103802946,330261923,1,,13846,2014-12-14 01
104221274,337777984,1,,9516,2014-11-18 19
116730636,404306719,1,,11991,2014-12-17 12
100684618,62474672,1,,5399,2014-12-11 23
100509623,395878707,1,,3368,2014-12-12 14
101781721,348475296,1,9rgt17r,10431,2014-12-16 09
103891828,54659931,1,,3381,2014-11-28 17
101260672,98928391,1,,4076,2014-11-25 13
104811265,26017196,1,,10585,2014-12-12 22
103802946,201935295,1,,13846,2014-12-14 13
104221274,287719624,1,,552,2014-12-05 23
116730636,81326942,3,,2040,2014-12-15 17
100684618,122016954,3,,14033,2014-12-06 00
100509623,100583549,1,,3368,2014-12-12 14
101781721,58407048,1,9rgt161,1863,2014-12-12 12
103891828,317511484,1,95dos7v,437,2014-12-12 18
101260672,306743172,1,95q0i9i,3424,2014-12-18 15
104811265,146861310,1,,10585,2014-12-12 21
103802946,249603081,1,,13846,2014-12-14 00
104221274,36140456,1,,11904,2014-12-07 15
116730636,65173717,1,,5027,2014-11-28 21
100684618,128274652,1,,8179,2014-12-10 08
100509623,188799605,1,,3431,2014-12-11 16
101781721,313509440,1,9rgt17h,10431,2014-12-14 20
103891828,114117107,1,,9807,2014-12-16 19
101260672,148922507,1,,4076,2014-11-25 12
104811265,389719968,1,,1483,2014-12-05 09
103802946,273964157,1,,13928,2014-11-20 21
104221274,353997187,1,,13335,2014-12-14 23
116730636,91978123,1,,10079,2014-12-17 10
100684618,278753736,1,,1606,2014-12-14 11
100509623,13155386,1,,4830,2014-11-23 12
101781721,78465151,1,9rgt11p,10431,2014-12-14 19
103891828,253005927,3,96sjmhd,3381,2014-12-01 13
101260672,73008997,4,,4076,2014-11-25 13
104811265,98798615,1,,3760,2014-12-09 09
103802946,182989675,1,,8656,2014-12-13 23
104221274,280228753,1,,11904,2014-12-08 08
116730636,85319721,4,,10079,2014-12-17 11
100684618,21751142,1,,2158,2014-12-10 10
100509623,324869180,1,,3368,2014-12-12 14
101781721,383634045,1,9rgt12p,10431,2014-12-16 09
103891828,243121215,1,,10049,2014-12-17 20
101260672,136126934,1,,3424,2014-12-14 19
104811265,61764614,4,,675,2014-12-01 13
103802946,340851451,1,,8656,2014-12-14 00
104221274,4239592,1,,5399,2014-11-18 20
116730636,367431670,3,,10079,2014-12-17 11
100684618,128274652,1,,8179,2014-12-10 09
100509623,371221966,1,,3368,2014-12-12 14
101781721,8250571,1,9rgt177,10431,2014-12-16 12
103891828,7283147,1,,329,2014-12-16 22
101260672,136126934,1,,3424,2014-12-14 19
106230218,138955492,1,,3628,2014-12-06 20
103802946,234497992,1,,2777,2014-12-06 00
104221274,223932421,1,,10533,2014-12-07 08
116730636,277904007,1,,10079,2014-12-16 17
100684618,287219734,1,,5894,2014-12-03 20
100509623,224511403,3,,13823,2014-12-16 11
101781721,90090305,1,9rgt17v,10431,2014-12-16 10
103891828,209927558,1,,3662,2014-11-24 17
101260672,306743172,1,,3424,2014-11-28 13
106230218,362641947,1,,2993,2014-12-15 15
103802946,133838351,1,9623g74,6516,2014-11-29 15
104221274,177090767,1,,12141,2014-12-08 14
116730636,319174167,1,,11991,2014-12-17 12
100684618,222091580,1,,4370,2014-11-23 23
100509623,47727794,3,,12221,2014-12-11 14
101781721,280104012,3,9rgt17q,1863,2014-12-13 22
103891828,89645778,1,,4370,2014-12-12 16
101260672,224184043,1,95qsbd5,3783,2014-11-24 15
106230218,238910858,4,,12090,2014-12-03 11
103802946,136417550,1,,8656,2014-12-13 23
104221274,205592025,1,,3252,2014-12-08 08
116730636,176535083,1,,5844,2014-12-16 16
100684618,243942784,1,,12220,2014-11-23 18
100509623,155384716,1,,11241,2014-11-24 13
101781721,223449784,1,9rgt176,10431,2014-12-14 20
103891828,171841750,1,,4370,2014-12-12 17
103582986,339411613,1,99ch7u4,5894,2014-12-09 20
106230218,24538366,1,,9614,2014-12-11 12
103802946,112663524,1,,5809,2014-11-26 22
104221274,4239592,1,,5399,2014-11-21 14
116730636,186987607,1,,11991,2014-12-15 15
100684618,63165064,1,,6512,2014-12-15 14
100509623,179122403,1,,1098,2014-11-19 11
101781721,93414323,1,9rgt167,1863,2014-12-12 11
103891828,338059863,1,,6648,2014-12-08 17
103582986,158301392,1,99chwhd,9372,2014-12-17 09
106230218,238910858,1,,12090,2014-12-03 11
103802946,112663524,1,,5809,2014-11-20 19
104221274,353997187,1,,13335,2014-12-14 23
116730636,246621985,1,,9155,2014-12-18 22
100684618,271840783,4,,12220,2014-11-23 18
100509623,100583549,1,,3368,2014-12-12 17
101781721,46202062,1,9rgt17g,1863,2014-12-17 07
103891828,293275585,1,,10392,2014-12-12 17
103582986,339411613,1,99ch7tr,5894,2014-12-09 20
106230218,51466425,1,,9614,2014-12-11 12
103802946,312988111,1,,12090,2014-12-11 12
104221274,370061317,1,,9516,2014-12-06 09
116730636,246621985,1,,9155,2014-12-18 22
100684618,77550644,1,,8179,2014-11-22 13
100509623,47727794,1,,12221,2014-12-12 16
101781721,269075866,1,9rgt16d,10431,2014-12-14 18
103891828,184705665,1,96skucp,9247,2014-12-13 21
103582986,344359190,1,99ch7un,11991,2014-12-09 19
106230218,175899522,1,,2993,2014-12-09 15
103802946,263739404,1,,12090,2014-11-27 17
104221274,253033273,1,,5399,2014-12-01 20
116730636,168187265,1,,9155,2014-12-18 22
100684618,33564091,1,,12220,2014-11-23 18
100509623,56124309,1,,11241,2014-12-11 13
101781721,223449784,1,9rgt17a,10431,2014-12-14 20
103891828,235511817,1,95dos5a,5399,2014-12-12 18
103582986,211781109,1,,5027,2014-11-18 13
106230218,129138111,2,,2993,2014-11-29 15
103802946,275215278,1,,12090,2014-12-11 12
104221274,175964269,1,,12141,2014-12-04 22
116730636,301556638,1,,9155,2014-12-18 22
100684618,303426798,1,,11952,2014-12-18 22
100509623,19554829,1,,12221,2014-11-19 10
101781721,8250571,1,9rgt17g,10431,2014-12-16 11
103891828,274220902,1,95f75h7,10654,2014-11-23 16
103582986,339411613,1,99chwhs,5894,2014-12-09 13
106230218,127830564,4,,2993,2014-12-15 15
103802946,74587958,1,9623g4b,6516,2014-11-29 15
104221274,316405316,1,,12141,2014-12-08 08
116730636,286617735,1,,7467,2014-12-11 06
100684618,379887920,1,,13598,2014-12-16 19
100509623,323161579,1,,492,2014-12-16 11
101781721,261709857,1,9rgt12t,10431,2014-12-16 09
103891828,331541221,1,,5399,2014-12-06 18
103582986,211781109,3,,5027,2014-12-12 12
106230218,296314097,4,,552,2014-12-11 17
103802946,161886872,3,,12090,2014-12-11 19
104221274,57108149,1,,13230,2014-12-15 18
116730636,270249240,1,,9155,2014-12-14 09
100684618,93421577,1,,12220,2014-11-23 18
100509623,403790247,1,,11241,2014-11-23 17
101781721,8250571,1,9rgt16j,10431,2014-12-16 11
103891828,327540895,1,,4370,2014-12-12 17
103582986,211781109,1,99chwhf,5027,2014-11-19 12
106230218,175071986,1,,2993,2014-11-23 13
103802946,40400217,1,,6516,2014-11-29 14
104221274,316405316,1,,12141,2014-12-08 08
116730636,398543245,1,,7467,2014-12-18 10
100684618,106800669,1,,8179,2014-11-22 15
100509623,64712806,1,,3960,2014-11-19 12
101781721,269075866,1,9rgt160,10431,2014-12-14 21
103891828,312967486,1,95f75hb,4370,2014-11-22 09
103582986,318069223,1,,5232,2014-12-15 00
106230218,169586940,1,,552,2014-12-11 17
103802946,234877245,1,,12090,2014-12-11 19
104221274,43839721,1,,13230,2014-12-05 14
116730636,292802524,1,,5844,2014-12-16 16
100684618,323189786,4,,13598,2014-12-15 22
100509623,169937229,1,tfvomb2,13823,2014-12-08 18
101781721,283146851,1,9rgt16n,3544,2014-12-16 22
103891828,200121185,1,96sjmhb,1083,2014-12-06 17
103582986,344359190,1,,11991,2014-12-10 06
106230218,841100,1,,3673,2014-12-11 17
103802946,355343522,1,9623g6n,6516,2014-11-29 17
104221274,238791248,1,,13230,2014-12-15 18
116730636,292802524,1,,5844,2014-12-17 12
100684618,183794267,1,,10662,2014-11-23 23
100509623,314041390,1,,3960,2014-11-19 12
101781721,393839160,1,9rgt177,10431,2014-12-14 19
103891828,105516831,1,96sjma9,1083,2014-12-06 17
103582986,344572124,3,99ch7ta,11991,2014-12-09 19
106230218,184869510,1,,2993,2014-11-29 15
103802946,75966482,1,,12090,2014-12-11 19
104221274,59085629,1,,13230,2014-12-07 08
116730636,92245064,1,,12553,2014-12-11 12
100684618,183794267,1,,10662,2014-11-23 23
100509623,124986722,3,,3960,2014-12-11 13
101781721,139375994,1,9rgt173,3064,2014-12-17 17
103891828,324700625,1,96sjmhd,1083,2014-12-06 17
103582986,104454309,1,99ch7ti,9372,2014-12-17 07
106230218,180270106,1,,6945,2014-12-03 22
103802946,199635791,1,9623gqu,6516,2014-11-29 15
104221274,199141288,1,,5027,2014-12-18 14
116730636,259125936,1,,7467,2014-12-12 09
100684618,106800669,1,,8179,2014-11-24 20
100509623,292872263,1,,10236,2014-12-11 15
101781721,357498104,1,9rgt162,10431,2014-12-14 20
103891828,303276299,1,,1083,2014-12-12 17
103582986,211781109,1,99ch7us,5027,2014-12-09 20
106230218,401553147,1,,12855,2014-12-10 14
103802946,40400217,1,,6516,2014-11-25 21
104221274,163535805,1,,13230,2014-11-24 19
116730636,283854869,4,,9001,2014-12-17 11
100684618,379887920,1,,13598,2014-12-15 22
100509623,124986722,1,,3960,2014-11-19 12
101781721,303122842,1,9rgt16a,9559,2014-12-16 21
103891828,116808576,1,,6648,2014-12-08 17
103582986,291721137,1,99ch7sf,1863,2014-11-29 14
106557109,336845121,1,,12230,2014-11-22 20
103802946,74587958,2,,6516,2014-11-29 15
104221274,43839721,1,,13230,2014-12-05 14
116730636,286617735,1,,7467,2014-12-11 06
100684618,106800669,1,,8179,2014-11-22 15
100509623,111362152,1,,3960,2014-11-19 12
101781721,359972137,1,9rgt129,10431,2014-12-14 20
103891828,339808528,1,,1083,2014-12-06 17
103582986,107322074,3,99cl79p,5027,2014-12-14 16
106557109,10406862,1,99b5gh6,11552,2014-12-13 18
103802946,9205918,4,,1877,2014-12-16 19
104221274,158646793,1,,9752,2014-11-25 10
116730636,165001724,1,,12553,2014-12-11 12
100684618,334990998,1,,5399,2014-12-11 23
100509623,54858622,1,,3064,2014-12-12 16
101781721,57490613,3,9rgt17r,10431,2014-12-16 11
103891828,115794877,1,,6648,2014-12-08 17
103582986,7168780,1,99ch7u7,5894,2014-12-01 21
106557109,302136268,1,,11552,2014-11-28 20
103802946,105863192,1,,6516,2014-11-25 21
104221274,105685464,1,,13230,2014-12-14 18
116730636,294156064,1,,7467,2014-12-12 09
100684618,177522480,1,,438,2014-12-01 22
100509623,54858622,1,,3064,2014-12-12 00
101781721,359972137,1,9rgt16a,10431,2014-12-14 20
103891828,186312212,1,,1083,2014-12-12 15
103582986,228636165,1,99ch7sf,1863,2014-12-04 20
106557109,344669353,1,99b5g7u,6986,2014-12-15 16
103802946,325038239,1,,1877,2014-11-18 15
104221274,400263506,1,,13230,2014-12-09 15
116730636,210003334,1,,7467,2014-12-11 12
100684618,135056657,1,,8179,2014-11-18 23
100509623,263668786,1,,4431,2014-11-23 11
101781721,24549822,1,9rgt17j,10431,2014-12-14 13
103891828,370072966,1,96sjmhb,5894,2014-12-06 16
103582986,11554049,1,99ch7ua,9516,2014-11-19 21
106557109,230845082,1,,11552,2014-11-22 20
103802946,76115896,1,9623g60,6516,2014-11-29 15
104221274,359881604,1,,13230,2014-11-18 19
116730636,203304987,1,,3381,2014-12-17 12
100684618,322461167,1,,8888,2014-12-18 23
100509623,403296120,1,,1508,2014-11-21 18
101781721,24549822,1,9rgt16h,10431,2014-12-14 18
103891828,174560616,1,95fppac,451,2014-12-12 10
103582986,139477909,1,,5232,2014-11-19 06
106557109,187000594,1,,4931,2014-12-03 20
103802946,303115446,4,,5232,2014-12-12 23
104221274,183565968,1,,5027,2014-12-05 14
116730636,88673621,1,,5844,2014-12-16 15
100684618,373291075,1,,8179,2014-11-18 23
100509623,403296120,1,,1508,2014-11-21 18
101781721,24549822,1,9rgt119,10431,2014-12-15 12
103891828,186312212,1,,1083,2014-12-12 15
103582986,162565033,1,,9516,2014-12-18 21
106557109,122525614,1,,13729,2014-11-29 20
103802946,218895280,1,9623g5g,6516,2014-11-29 15
104221274,352127577,1,,508,2014-11-25 22
116730636,295294672,1,,2708,2014-12-18 11
100684618,334990998,1,,5399,2014-12-11 23
100509623,245946072,1,,13823,2014-11-20 12
101781721,287009183,1,9rgt17l,10431,2014-12-16 09
103891828,363085402,1,,1083,2014-12-14 08
103582986,43434112,1,99ch7ui,3156,2014-12-11 21
106557109,56191574,1,,2610,2014-12-01 12
103802946,214907702,1,,6516,2014-11-30 23
104221274,302743504,1,,13230,2014-12-09 19
116730636,180382928,1,,12553,2014-12-07 07
100684618,330061609,1,,1838,2014-12-12 12
100509623,93085639,1,,3397,2014-12-12 14
110253038,391812512,1,,6717,2014-11-23 14
103891828,61736557,1,,6513,2014-12-12 16
103582986,162565033,1,,9516,2014-12-18 21
106557109,354715299,1,99b5ghk,11552,2014-12-13 18
103802946,58347614,1,,6516,2014-12-13 22
104221274,103113517,1,,989,2014-12-07 21
116730636,131657310,1,,552,2014-11-24 21
100684618,276636269,1,,1838,2014-12-12 12
100509623,290667300,1,,12221,2014-11-19 12
110253038,184465892,1,,11774,2014-11-23 13
103891828,150975499,1,,2953,2014-12-17 20
103582986,162565033,1,,9516,2014-12-18 21
106557109,110337750,2,99b5g7n,4296,2014-11-18 17
103802946,175326332,1,,8300,2014-12-07 20
104221274,180242842,1,,989,2014-12-15 18
116730636,84897402,1,,552,2014-12-08 09
100684618,44072438,1,,8888,2014-12-18 18
100509623,370956809,1,,3397,2014-11-19 12
110253038,287592448,1,955j0u5,9444,2014-12-11 21
103891828,115794877,1,,6648,2014-12-08 17
103582986,85185465,1,99ch7u4,9516,2014-11-27 23
106557109,358494246,1,99b5gkp,11552,2014-12-13 18
103802946,147654826,1,,4984,2014-12-14 22
104221274,10044679,1,,5027,2014-12-18 14
116730636,108789628,1,,552,2014-12-08 09
100684618,60030043,1,,8179,2014-11-18 23
100509623,30816511,1,,3397,2014-11-19 12
110253038,11652164,1,,606,2014-12-18 12
103891828,310844001,1,96skub7,5027,2014-12-14 22
103582986,390398245,1,,2431,2014-12-08 00
106557109,90094360,1,,8095,2014-11-21 20
103802946,149240594,1,,4984,2014-12-17 16
104221274,397910897,1,,508,2014-12-05 14
116730636,231372656,1,,8368,2014-12-08 15
100684618,97667129,1,,8179,2014-11-29 19
100509623,96451451,1,,12221,2014-12-09 14
110253038,384309267,1,955j00r,9444,2014-12-11 21
103891828,43491772,1,,5027,2014-12-05 18
103582986,230514581,1,,12194,2014-11-19 13
106557109,71338717,1,99b5ghh,4296,2014-11-18 17
103802946,162231846,1,,4984,2014-12-14 01
104221274,4360151,1,,5027,2014-12-05 14
116730636,20751392,1,,5027,2014-11-24 21
100684618,276636269,1,,1838,2014-12-12 12
100509623,35210343,1,,10236,2014-12-11 15
110253038,338515571,1,,1442,2014-11-29 18
103891828,289493543,1,,12488,2014-11-28 17
103582986,246279815,1,99ch7tc,5027,2014-11-27 20
106557109,7228533,3,,10894,2014-12-01 21
103802946,17743892,1,,8300,2014-12-13 22
104221274,38489434,1,,989,2014-11-26 13
116730636,240867198,4,,10043,2014-12-01 20
100684618,190600179,1,,1838,2014-12-17 21
100509623,140133969,1,,13823,2014-11-20 10
110253038,30472883,1,,13186,2014-12-18 12
103891828,318751769,1,,5027,2014-12-05 17
103582986,318069223,3,,5232,2014-12-15 06
106557109,7228533,1,,10894,2014-12-13 12
103802946,391011925,1,,8300,2014-12-13 21
104221274,301448386,1,,5027,2014-12-07 07
116730636,285476653,1,,3381,2014-12-15 16
100684618,369588933,1,,8888,2014-12-18 22
100509623,201605147,1,,10242,2014-12-16 14
110253038,276202104,1,9557k4u,8854,2014-11-28 10
103891828,269805795,1,,5027,2014-12-12 16
103582986,395164565,1,,5689,2014-12-17 13
106557109,118477275,1,,12090,2014-12-01 12
103802946,28248858,1,,4984,2014-12-13 00
104221274,167228986,1,,232,2014-12-11 21
116730636,48267628,2,,11991,2014-12-17 11
100684618,184618987,1,,8179,2014-11-23 23
100509623,372490716,1,,10236,2014-11-21 17
110253038,318119807,3,955j0sc,9444,2014-12-11 21
103891828,92468519,1,,5027,2014-12-17 20
103582986,331201303,1,,12680,2014-12-11 06
106557109,163219980,1,,1838,2014-11-30 19
103802946,336601240,1,,8300,2014-12-07 19
104221274,160009944,1,,5027,2014-12-09 19
116730636,25205275,1,,9559,2014-12-18 11
100684618,184618987,1,,8179,2014-11-23 23
100509623,381647922,1,,12630,2014-11-20 17
110253038,139586281,1,9557hvo,8854,2014-11-28 10
103891828,183269276,1,,5027,2014-12-12 16
103582986,24337751,1,99chwhd,5894,2014-11-21 12
106557109,337244921,1,,3381,2014-11-19 21
103802946,43783044,1,,4984,2014-12-13 21
104221274,167228986,1,,232,2014-12-07 00
116730636,141597231,1,,9559,2014-12-18 11
100684618,385086106,1,,8888,2014-12-18 22
100509623,337170370,1,,12630,2014-11-21 18
110253038,259012182,1,,5600,2014-12-18 12
103891828,153550573,1,96sjovr,9156,2014-12-04 20
103582986,24337751,1,99ch7t1,5894,2014-11-21 20
106557109,163219980,3,,1838,2014-11-30 19
103802946,211236049,1,,4984,2014-12-17 17
104221274,154005244,1,,4520,2014-12-03 21
116730636,148010746,1,,3381,2014-12-17 12
100684618,109312985,1,,8179,2014-11-22 13
100509623,126902916,1,tfvomga,12630,2014-11-20 16
110253038,399194307,1,9557k46,5686,2014-12-16 10
103891828,36423585,1,,5027,2014-12-12 16
103582986,246279815,1,,5027,2014-12-10 12
106557109,24398574,1,,8095,2014-11-29 20
103802946,211236049,1,,4984,2014-12-13 23
104221274,251036774,1,,1863,2014-12-08 14
116730636,25732155,1,,11991,2014-12-17 12
100684618,306118,1,,8179,2014-11-18 22
100509623,352462540,1,,12221,2014-11-18 19
110253038,52518678,1,955jqft,9444,2014-12-11 21
103891828,163588887,1,96skuc6,5399,2014-12-17 20
103582986,5894450,1,99ch7tt,8802,2014-11-20 12
106557109,13097133,1,,13425,2014-11-22 12
103802946,164855253,1,,8300,2014-12-13 21
104221274,94963656,1,,5027,2014-12-02 21
116730636,99773123,2,,11991,2014-12-17 11
100684618,353259997,1,,5271,2014-12-12 11
100509623,200702722,1,,5867,2014-11-26 13
110253038,52518678,1,955j0ts,9444,2014-12-11 21
103891828,382621674,1,,5027,2014-12-05 17
103582986,139477909,1,99chwki,5232,2014-11-19 11
106557109,20928666,1,,3381,2014-12-12 20
103802946,73765628,1,,8300,2014-12-13 22
104221274,336142590,1,,5395,2014-11-25 22
116730636,99773123,1,,11991,2014-12-17 12
100684618,270722191,1,,2825,2014-12-03 19
100509623,2402710,1,,10236,2014-11-23 10
110253038,248455628,1,,10569,2014-12-12 11
103891828,344556578,1,,5027,2014-12-06 18
103582986,159924662,1,,5894,2014-11-25 12
106557109,48451383,1,,5581,2014-12-11 19
103802946,297684074,1,,660,2014-11-21 00
104221274,145103476,1,,5395,2014-12-09 12
116730636,25732155,1,,11991,2014-12-17 12
100684618,189597972,1,,8179,2014-11-22 13
100509623,136440135,1,,12221,2014-12-11 12
110253038,379557385,1,,11447,2014-11-25 19
103891828,144637445,1,96sjmav,5027,2014-12-06 16
103582986,223912129,1,99ch70d,5894,2014-12-01 21
106557109,154687311,1,99b5ghq,8095,2014-12-13 17
103802946,61629489,1,,12141,2014-12-12 00
104221274,158855745,1,,2825,2014-12-03 18
116730636,182246543,1,,3381,2014-12-17 12
100684618,327895583,1,,8179,2014-11-29 19
100509623,12089062,1,,5867,2014-11-24 16
110253038,213355014,1,9557k9t,2254,2014-12-02 22
103891828,167845686,1,,5027,2014-12-12 16
103582986,20910875,1,99ch7ta,5894,2014-11-19 19
106557109,171856697,1,,2883,2014-11-27 13
103802946,61629489,1,,12141,2014-12-12 00
104221274,156851683,1,,3032,2014-11-24 19
116730636,403911965,1,,3673,2014-12-05 15
100684618,327895583,1,,8179,2014-11-18 23
100509623,179655463,1,,12862,2014-11-30 10
110253038,215798154,1,,3368,2014-12-12 11
103891828,157087855,1,,12407,2014-12-08 18
103582986,122205722,1,,3662,2014-12-08 17
106557109,274258348,1,,11552,2014-12-01 12
103802946,198564894,1,,14080,2014-11-22 15
104221274,156851683,1,,3032,2014-11-24 19
116730636,390313584,2,,11991,2014-12-17 12
100684618,18908000,4,,8771,2014-12-12 23
100509623,383042358,1,,3111,2014-12-17 09
110253038,2732098,1,,4247,2014-11-23 14
103891828,104076611,1,,1863,2014-12-05 17
103582986,56136163,1,99chw7f,5894,2014-11-21 13
106557109,34544424,1,,6526,2014-11-22 18
103802946,117617821,1,,4984,2014-12-18 22
104221274,57240881,1,,5027,2014-12-02 10
116730636,181370155,1,,11991,2014-12-17 19
100684618,128274652,1,,8179,2014-12-01 23
100509623,3439852,1,,11241,2014-11-24 12
110253038,133519490,1,9557huo,2254,2014-12-02 22
103891828,290147573,1,,12685,2014-11-24 12
103582986,20910875,1,99ch7ta,5894,2014-11-19 19
106557109,141824990,1,99b5ghg,2415,2014-11-27 15
103802946,387122137,1,,9721,2014-11-23 00
104221274,385123044,1,,1863,2014-12-18 13
116730636,267776257,1,,3673,2014-12-11 12
100684618,128274652,1,,8179,2014-12-01 23
100509623,305655976,1,,3111,2014-12-17 09
110253038,392541273,1,,11589,2014-12-12 11
103891828,209098599,1,95f75h7,12685,2014-11-23 16
103582986,400540757,1,99ch73i,316,2014-12-09 16
106557109,62556998,1,99b5ghg,4931,2014-12-08 17
103802946,296531363,1,,4984,2014-12-17 13
104221274,393436386,1,,5894,2014-12-16 17
116730636,188790943,1,,10703,2014-12-12 06
100684618,128274652,1,,8179,2014-12-05 23
100509623,298116161,1,,3064,2014-12-11 11
110253038,159572340,1,,6228,2014-11-30 07
103891828,38614808,1,,5399,2014-12-17 20
103582986,50598050,1,99chrfv,292,2014-11-22 14
106557109,107589079,1,,2883,2014-11-27 13
103802946,249095429,1,,9721,2014-11-23 00
104221274,57240881,1,,5027,2014-11-24 19
116730636,107099268,1,,3381,2014-12-12 11
100684618,18908000,1,,8771,2014-12-13 20
100509623,54858622,3,,3064,2014-12-12 00
110253038,20284516,1,954govg,5002,2014-12-06 16
103891828,342345036,1,95f75hr,5399,2014-11-24 16
103582986,292418336,1,99ch7ve,13230,2014-11-20 13
106557109,243669867,1,,2883,2014-12-01 22
103802946,181070509,1,,6513,2014-12-09 07
104221274,12370179,1,,10661,2014-12-01 20
116730636,267776257,1,,3673,2014-12-11 12
100684618,104979028,1,95ribp5,3660,2014-12-06 23
100509623,155354177,1,,11241,2014-12-12 01
110253038,328942185,1,,13224,2014-11-23 13
103891828,238997207,1,95f757e,2825,2014-11-24 16
103582986,281042855,1,99chrfu,9784,2014-12-05 17
106557109,261378477,1,,4931,2014-11-30 23
103802946,201392866,1,,4984,2014-12-14 01
104221274,396267926,1,,4370,2014-11-24 21
116730636,188790943,1,,10703,2014-12-12 06
100684618,310142401,1,,13500,2014-12-18 22
100509623,73759673,1,,3064,2014-12-02 11
110253038,328942185,1,,13224,2014-11-23 13
103891828,166786508,1,96sjmho,2825,2014-12-06 17
103582986,331497450,1,99chw7b,5894,2014-12-09 13
106557109,321481722,1,99b5ghs,4584,2014-12-08 17
103802946,27875465,1,,4984,2014-12-17 17
104221274,385123044,1,,1863,2014-12-18 13
116730636,267154050,1,,11279,2014-12-05 15
100684618,332228655,1,,10412,2014-12-18 22
100509623,11285375,1,,3111,2014-12-16 15
110253038,61338834,1,,12111,2014-11-29 18
103891828,373407604,1,,5689,2014-12-17 20
103582986,152963640,1,99ch733,11279,2014-12-09 16
106557109,100070459,1,,4584,2014-12-01 21
103802946,326601776,1,,3184,2014-11-23 00
104221274,36827930,1,,2825,2014-12-08 21
116730636,188790943,1,,10703,2014-12-12 06
100684618,332228655,1,,10412,2014-12-18 22
100509623,236257759,1,,4651,2014-11-19 12
110253038,199656542,1,955jqdb,732,2014-12-06 20
103891828,209098599,4,95f757s,12685,2014-11-24 16
103582986,93964181,1,,8802,2014-11-23 06
106557109,68499877,1,99b5gwo,2415,2014-11-25 17
103802946,57003450,1,,4984,2014-12-18 22
104221274,193561519,1,,2825,2014-12-01 22
116730636,379836698,1,,3472,2014-12-05 09
100684618,21959933,1,,5623,2014-12-12 00
100509623,36021468,1,,1385,2014-11-21 18
110253038,253620282,1,955jp40,732,2014-12-06 17
103891828,100609514,1,96sjouo,13025,2014-12-04 20
103582986,133092211,1,99ch7ua,5894,2014-12-01 21
106557109,263080077,1,,2883,2014-11-22 20
103802946,208758514,2,,4984,2014-12-18 20
104221274,127776863,1,,5689,2014-12-17 22
116730636,218958502,1,,10703,2014-12-13 19
100684618,86254835,1,,5623,2014-12-12 00
100509623,234779930,1,,242,2014-11-26 14
110253038,59191593,1,,12111,2014-11-29 18
103891828,290147573,1,,12685,2014-11-24 12
103582986,121806308,1,99ch7u0,13230,2014-12-12 22
106557109,268894200,1,,4584,2014-12-01 21
103802946,34136290,1,,12819,2014-11-22 15
104221274,63861087,1,,10661,2014-12-07 15
116730636,78473048,1,,8723,2014-12-05 09
100684618,263842890,1,,7767,2014-11-27 09
100509623,400427694,1,,3064,2014-12-09 12
110253038,11661752,1,955jp41,732,2014-12-06 16
103891828,136808589,1,,5749,2014-12-17 20
103582986,55403610,1,,8802,2014-11-21 08
106557109,263080077,1,,2883,2014-11-27 12
103802946,245836702,1,,4984,2014-12-14 20
104221274,266909777,1,,10661,2014-12-09 11
116730636,108401239,1,,4739,2014-12-15 16
100684618,389252319,1,,7767,2014-11-26 23
100509623,189680624,1,,11241,2014-11-21 13
110253038,343158769,1,,732,2014-12-09 06
103891828,304169270,1,,5749,2014-12-17 20
103582986,123889072,1,,5571,2014-11-20 06
106557109,263080077,1,,2883,2014-11-27 13
103802946,307831375,1,,12819,2014-11-23 00
104221274,86502196,1,,10661,2014-11-20 23
116730636,78473048,1,,8723,2014-12-05 09
100684618,38129190,1,,7767,2014-12-08 14
100509623,114766176,1,,12862,2014-11-30 14
110253038,99749491,1,955jp46,732,2014-12-06 17
103891828,380723505,1,96skunb,9516,2014-12-13 20
103582986,319238464,3,99ch7t0,6054,2014-12-16 18
106557109,205620454,1,,2883,2014-11-27 13
103802946,333065034,1,,13919,2014-12-07 11
104221274,348378644,1,,10661,2014-11-20 23
116730636,108401239,1,,4739,2014-12-15 16
100684618,271054655,1,,5623,2014-12-08 22
100509623,114766176,1,,12862,2014-11-30 16
110253038,347772359,1,,12111,2014-11-30 11
103891828,398752587,1,95dos5a,5027,2014-12-12 18
103582986,326824746,1,99ch70m,8802,2014-11-23 07
106557109,136989705,1,,8771,2014-11-21 20
103802946,138889208,1,9623g5e,1408,2014-12-15 21
104221274,265517859,1,,874,2014-12-08 12
116730636,222968346,4,,10703,2014-12-12 09
100684618,374370611,1,,5623,2014-12-08 22
100509623,403079104,1,,242,2014-11-26 14
110253038,200484505,1,9557k9p,3472,2014-12-16 11
103891828,309690206,1,95f75h2,12685,2014-11-23 17
103582986,252903361,1,99chhrp,6054,2014-12-16 16
106557109,32251113,1,,2883,2014-11-27 12
103802946,399834611,1,9623n2o,4984,2014-12-17 18
104221274,374058827,1,,10661,2014-12-06 09
116730636,195094527,1,,11279,2014-12-17 14
100684618,375318932,1,,7639,2014-12-13 22
100509623,192711533,1,,3064,2014-11-18 19
110253038,224785475,1,,6375,2014-11-23 14
103891828,167027035,3,96sjmn7,11279,2014-12-06 16
103582986,57279703,1,,11279,2014-12-13 10
106557109,150869036,1,,4584,2014-12-01 21
103802946,162472480,1,,4984,2014-12-14 01
104221274,399212960,1,,5689,2014-12-08 14
116730636,205120994,2,,11279,2014-12-17 14
100684618,375318932,1,,7639,2014-12-13 22
100509623,114766176,1,,12862,2014-11-30 16
110253038,217322066,1,,2342,2014-12-05 11
103891828,185731081,1,96skucv,9516,2014-12-13 20
103582986,246101903,3,,6054,2014-12-18 21
106557109,57586139,1,99b5g7g,2883,2014-12-09 13
103802946,162472480,1,,4984,2014-12-14 01
104221274,138651093,1,,10661,2014-12-09 19
116730636,222968346,2,,10703,2014-12-12 07
100684618,61920678,1,,8874,2014-12-03 19
100509623,335074931,1,,3064,2014-11-19 13
110253038,93422194,1,9557k9s,2153,2014-12-16 10
103891828,334867893,3,,12685,2014-11-24 12
103582986,10735411,1,,3662,2014-12-03 13
106557109,108829160,1,,2415,2014-11-29 23
103802946,345369617,1,,1408,2014-11-23 00
104221274,231777491,1,,10392,2014-12-01 12
116730636,28561548,1,,12685,2014-12-16 17
100684618,251490218,1,,12170,2014-12-18 22
100509623,366297754,1,,12862,2014-11-30 10
110253038,189484658,1,,7440,2014-12-04 19
103891828,207931580,1,,5027,2014-12-12 16
103582986,33427610,3,99ch7uj,6576,2014-11-22 14
106557109,363028891,3,,2883,2014-11-28 16
103802946,222044679,1,,552,2014-12-06 23
104221274,321394584,1,,10901,2014-12-09 21
116730636,70066117,1,,12685,2014-12-16 17
100684618,173095649,1,,12569,2014-11-27 00
100509623,114766176,1,,12862,2014-12-10 21
110253038,275126095,1,,2153,2014-11-29 19
103891828,173795233,1,95f75kq,12685,2014-11-23 17
103582986,388608570,1,,8802,2014-11-23 06
106557109,319917595,1,,4584,2014-12-01 21
103802946,222044679,1,,552,2014-12-09 07
104221274,176854571,1,,10392,2014-12-15 18
116730636,210597467,1,,10703,2014-12-11 11
100684618,173095649,1,,12569,2014-11-27 00
100509623,12090975,1,,292,2014-11-26 14
110253038,180950901,1,9557k9s,2490,2014-12-16 10
103891828,377235800,1,96sjmn6,4640,2014-11-30 20
103582986,265618694,1,,3979,2014-12-15 00
106557109,136989705,1,,8771,2014-11-21 20
103802946,354899790,1,,4984,2014-12-13 00
104221274,152040178,1,,874,2014-12-08 12
116730636,80037759,1,,8877,2014-12-01 07
100684618,24592214,1,,12569,2014-12-08 22
100509623,251023598,1,,3064,2014-12-02 11
110253038,294615477,1,,12090,2014-12-15 16
103891828,5079780,1,95dosrm,5232,2014-12-12 18
103582986,97797503,1,,9516,2014-12-12 06
106557109,365890775,1,,2883,2014-11-22 20
103802946,169427809,1,,3046,2014-12-11 12
104221274,297653616,1,,10901,2014-11-26 21
116730636,350919859,1,,8877,2014-12-01 07
100684618,146333126,1,,12569,2014-11-27 00
100509623,114766176,1,,12862,2014-11-30 17
110253038,87123415,1,,7312,2014-11-21 12
103891828,170650388,1,96sjmnr,4640,2014-11-30 20
103582986,265618694,1,,3979,2014-12-15 00
106557109,365890775,1,,2883,2014-11-22 20
103802946,347429773,1,,4984,2014-12-14 01
104221274,64608880,1,,10901,2014-11-25 22
116730636,369542827,1,,6344,2014-12-05 12
100684618,39725721,1,,4230,2014-11-22 12
100509623,39996554,1,,292,2014-12-08 18
110253038,53689427,1,,7312,2014-11-21 12
103891828,195599870,1,,5232,2014-12-06 18
103582986,136634581,1,,9516,2014-12-18 21
106557109,287603373,1,99b5b7a,2883,2014-12-06 19
103802946,73826394,1,9623g6u,997,2014-12-08 19
104221274,236069814,1,,10901,2014-12-11 23
116730636,396978625,1,,6054,2014-11-26 15
100684618,32432780,1,,5399,2014-12-11 23
100509623,139344947,1,,8721,2014-12-09 11
110253038,110050219,1,,7312,2014-11-21 12
103891828,331677344,3,,12685,2014-11-24 10
103582986,331043071,1,,9516,2014-12-18 21
106557109,335779846,1,,2883,2014-11-22 18
103802946,110447965,1,,4984,2014-12-14 00
104221274,12556179,1,,10901,2014-11-24 19
116730636,81802923,1,,6054,2014-11-26 15
100684618,34846679,1,,5399,2014-12-11 23
100509623,119468886,1,,292,2014-11-26 13
110253038,109435239,1,,7312,2014-11-21 12
103891828,136145714,1,96skunj,13514,2014-12-15 10
103582986,101111316,1,,9516,2014-12-16 12
106557109,25372839,1,,2883,2014-11-22 20
103802946,20123667,1,,895,2014-12-13 20
104221274,65290753,1,,10533,2014-12-07 08
116730636,287602927,1,,6054,2014-12-06 07
100684618,36680053,1,,14079,2014-11-29 22
100509623,10496176,1,,11241,2014-11-23 17
110253038,135781524,1,,7312,2014-11-21 12
103891828,310349240,1,95dosrb,5232,2014-12-12 18
103582986,101111316,1,,9516,2014-12-16 12
106557109,118740781,1,99b5gk4,2883,2014-12-09 13
103802946,335935768,1,,895,2014-12-04 23
104221274,76858930,1,,10533,2014-11-20 23
116730636,152139764,1,,1488,2014-12-11 11
100684618,243978811,1,,14079,2014-11-29 19
100509623,100802298,1,,8650,2014-12-03 16
116678892,393521177,4,96ctji9,14027,2014-11-22 19
103891828,271436442,1,96sjmnn,4640,2014-11-30 20
103582986,158134471,1,99ch7tq,3662,2014-12-02 22
106557109,194777168,1,,2883,2014-11-22 20
103802946,35847193,1,,4984,2014-12-14 00
104221274,44230176,1,,10533,2014-11-24 20
116730636,132526198,1,,4640,2014-12-13 20
100684618,36680053,1,,14079,2014-11-29 22
100509623,281894348,1,,3064,2014-12-11 14
116678892,393521177,1,96ctjr1,14027,2014-11-22 19
103891828,10262378,4,95f75kw,12685,2014-11-24 16
103582986,126070399,1,,3662,2014-11-26 06
106557109,400319998,1,99b5b6b,2883,2014-12-06 19
103802946,31134564,2,,11279,2014-12-12 08
104221274,388006729,1,,4370,2014-12-11 23
116730636,377546755,1,,8291,2014-11-19 13
100684618,174838405,2,,8145,2014-11-29 21
100509623,16793439,1,,9363,2014-12-05 17
116678892,393521177,1,96ctjrg,14027,2014-11-22 19
103891828,270624140,1,95f75he,5399,2014-11-24 17
103582986,126070399,1,,3662,2014-11-26 06
106557109,332702521,1,,2883,2014-12-16 21
103802946,242088464,1,,6697,2014-12-18 21
104221274,401681107,1,,874,2014-12-08 12
116730636,74887495,1,,4640,2014-12-17 17
100684618,334609366,1,,10472,2014-12-12 23
100509623,317308552,1,,3064,2014-12-11 12
116678892,190864676,1,,6344,2014-12-14 22
103891828,136145714,1,96skuct,13514,2014-12-15 10
103582986,38397430,1,99chwh6,989,2014-11-25 13
106557109,56597656,1,,2883,2014-11-20 10
103802946,227009899,1,,4984,2014-12-17 17
104221274,52371891,1,,11135,2014-11-23 20
116730636,322417123,1,,5395,2014-12-01 08
100684618,174838405,1,,8145,2014-12-05 23
100509623,91886984,1,tfvd9js,8650,2014-12-06 11
116678892,90661220,1,96ctjwe,9151,2014-11-22 19
103891828,300430902,1,96skub9,13514,2014-12-15 10
103582986,312138984,1,99chw7v,10392,2014-11-19 12
106557109,56597656,1,,2883,2014-11-22 12
103802946,227009899,1,,4984,2014-12-17 23
104221274,380640580,1,,437,2014-12-01 21
116730636,9912220,1,,5027,2014-11-24 21
100684618,379763082,1,,10472,2014-12-12 23
100509623,375296056,1,,11241,2014-12-08 18
116678892,110700103,1,,3156,2014-12-12 19
103891828,127521391,1,,4640,2014-12-06 18
103582986,196417293,1,99chwkr,7911,2014-11-25 13
106557109,63785966,1,,8771,2014-11-26 18
103802946,227009899,2,,4984,2014-12-17 17
104221274,371663333,1,,874,2014-12-10 21
116730636,292450561,1,,4640,2014-12-12 09
100684618,118814945,1,,13434,2014-11-23 18
100509623,357287513,1,,4778,2014-12-11 12
116678892,190864676,1,96ctjir,6344,2014-12-15 19
103891828,211105308,1,96sjma1,4640,2014-11-30 20
103582986,92303036,1,99chwwd,3662,2014-12-08 16
106557109,207711735,1,99b5ghp,10344,2014-12-07 22
103802946,194356231,1,,4984,2014-12-14 00
104221274,171413254,1,,6213,2014-11-18 19
116730636,298332235,1,,5186,2014-12-15 09
100684618,92452999,1,,10472,2014-12-12 23
100509623,103694180,1,,4778,2014-12-11 12
116678892,83726189,1,96ctjw0,6054,2014-12-05 23
103891828,313242101,1,96sjmho,4640,2014-11-30 21
103582986,10735411,1,,3662,2014-12-03 13
106557109,400715445,1,,4584,2014-11-27 12
103802946,144699907,1,,4984,2014-12-13 21
104221274,144591948,1,,10533,2014-11-18 20
116730636,151569543,1,,5186,2014-12-15 09
103898055,274489793,1,,10817,2014-12-12 16
100509623,281894348,3,,3064,2014-12-11 21
116678892,380230969,1,96ctj6s,6054,2014-12-15 22
103891828,132052234,1,96sjmka,4640,2014-11-30 20
103582986,102847932,1,99chrft,508,2014-12-09 20
106557109,63785966,4,,8771,2014-11-28 16
103802946,221329367,1,,8432,2014-12-16 19
104221274,171413254,1,,6213,2014-11-18 19
116730636,171589168,1,,5363,2014-12-12 06
103898055,160343834,1,,6194,2014-12-07 00
100509623,114960000,1,tfvd9is,292,2014-12-08 18
116678892,153289095,1,,6344,2014-12-14 22
103891828,394609707,1,,11552,2014-11-28 17
103582986,350654756,1,99ch7t2,5399,2014-11-23 19
106557109,359734167,1,99b5ghe,2883,2014-11-29 19
103802946,346400797,1,,4984,2014-12-14 01
104221274,220907090,1,,4370,2014-12-08 14
116730636,154164601,1,,4640,2014-12-12 09
103898055,330567062,1,94jrml2,3709,2014-11-24 18
100509623,338312633,1,,11241,2014-12-11 21
116678892,207945408,1,,6344,2014-12-14 22
103891828,394609707,1,,11552,2014-11-28 17
103582986,372905837,1,,5399,2014-11-27 06
106557109,359734167,1,,2883,2014-11-28 15
103802946,90711913,1,,4984,2014-12-14 20
104221274,33949117,1,,10533,2014-12-10 19
116730636,41956470,1,,4640,2014-12-14 09
103898055,34428755,1,,10817,2014-12-12 16
100509623,191972752,1,,3064,2014-12-09 13
116678892,331068871,1,96ctjwk,7322,2014-11-22 20
103891828,100517114,1,95f75k4,12685,2014-11-23 17
103582986,200500933,1,99ch7u6,508,2014-12-09 20
106557109,186892177,1,99b5ghq,2415,2014-11-27 15
103802946,50459396,1,,8432,2014-12-16 19
104221274,374941670,1,,10533,2014-12-02 10
116730636,280820847,1,,11552,2014-12-09 19
103898055,96069118,1,,10817,2014-12-12 16
100509623,48941232,1,,3064,2014-11-26 12
116678892,69606446,1,,6344,2014-12-14 22
103891828,284242130,3,95dos7r,6513,2014-12-12 17
103582986,372905837,1,99ch7u4,5399,2014-11-26 19
106557109,8977456,1,,8771,2014-12-04 12
103802946,302472469,1,,8432,2014-12-16 19
104221274,392249179,4,,7103,2014-12-08 14
116730636,287367728,1,,4640,2014-12-15 15
103898055,310599523,1,,5879,2014-12-09 17
100509623,384500412,3,,3064,2014-12-12 00
116678892,271029768,1,96ctjw2,7322,2014-11-23 14
103891828,233725869,1,,6513,2014-12-12 16
103582986,88136462,1,99ch7t0,508,2014-12-14 19
106557109,207703155,1,,2415,2014-11-29 23
103802946,181823539,1,,4984,2014-12-18 19
104221274,175790275,1,,4370,2014-11-25 23
116730636,70806895,1,,1834,2014-12-09 19
103898055,50413632,1,94jrmlj,970,2014-11-30 17
100509623,104674680,1,,3064,2014-12-09 12
116678892,275900875,1,96ctj69,1308,2014-12-15 22
103891828,349663567,1,,6513,2014-12-12 16
103582986,77043817,1,99chhrq,1396,2014-11-27 16
106557109,240318219,1,99b5g7g,2883,2014-12-09 13
103802946,228855447,1,,8432,2014-12-16 19
104221274,185347651,1,,10533,2014-12-09 15
116730636,219065013,2,,4640,2014-12-13 19
103898055,100000648,1,,675,2014-12-03 11
100509623,167401657,1,,3064,2014-12-09 12
116678892,395144846,1,96ctjw2,11196,2014-12-08 15
103891828,348141432,1,,9153,2014-12-16 22
103582986,332377711,1,,5399,2014-11-19 06
106557109,269501846,1,,6078,2014-11-19 21
103802946,228855447,1,,8432,2014-12-16 19
104221274,30333421,1,,7103,2014-11-29 22
116730636,227464390,1,,3015,2014-11-26 15
103898055,205784878,1,94j79hu,6194,2014-12-06 16
100509623,404440460,1,,3064,2014-11-18 19
116678892,262112219,1,96ctjiq,9614,2014-12-07 11
103891828,366748004,1,,8724,2014-12-08 18
103582986,115146470,1,99ch7us,1863,2014-12-18 11
106557109,135320739,1,,4584,2014-12-11 19
103802946,308909035,1,,4984,2014-12-09 12
104221274,212753984,1,,10533,2014-12-08 14
116730636,227464390,1,,3015,2014-11-29 18
103898055,385040311,1,,6035,2014-11-22 08
100509623,338312633,3,,11241,2014-12-09 10
116678892,395144846,1,96ctjil,11196,2014-12-08 15
103891828,326910473,1,,1863,2014-12-16 19
103582986,88136462,1,99chrft,508,2014-12-14 19
106557109,230711567,1,,10344,2014-12-12 21
103802946,378882762,1,,4984,2014-12-14 00
104221274,382278453,1,,11279,2014-12-09 10
116730636,306228876,1,,4640,2014-12-13 20
103898055,341167514,1,94jrmlc,5599,2014-12-15 15
100509623,379371758,1,,11241,2014-11-23 16
116678892,170632701,1,96ctjip,9614,2014-12-07 11
103891828,57983319,1,96skub9,2420,2014-12-16 21
103582986,170223514,1,99ch7ui,508,2014-12-14 19
106557109,231231868,1,,10344,2014-11-22 20
103802946,281004090,1,,4984,2014-12-14 01
104221274,137631576,1,,6513,2014-11-18 22
116730636,352028217,1,,3015,2014-12-02 16
103898055,392045884,1,,5599,2014-12-13 23
100509623,116831447,1,,8721,2014-12-12 16
116678892,253991745,1,96ctjnp,9179,2014-12-04 22
103891828,57983319,1,96skuna,2420,2014-12-16 21
103582986,276740386,1,,3662,2014-12-09 06
106557109,16262900,1,99b5gh7,2029,2014-12-07 21
103802946,23417610,1,,4984,2014-12-17 13
104221274,175790275,1,,4370,2014-12-06 10
116730636,388231765,3,,3015,2014-12-01 19
103898055,150060864,1,,9354,2014-11-30 10
100509623,261612833,1,,11241,2014-12-09 11
116678892,212015497,1,96ctj79,7393,2014-12-15 21
103891828,123176134,1,,10984,2014-12-13 21
103582986,26661164,1,,508,2014-12-10 12
106557109,292585675,1,,4584,2014-12-09 18
103802946,60056886,1,,12889,2014-12-14 13
104221274,31305480,1,,6513,2014-12-09 15
116730636,79734206,1,,4640,2014-12-13 20
103898055,247859672,4,94jrml2,6194,2014-12-07 12
100509623,116831447,1,,8721,2014-12-09 21
116678892,32556862,1,96ctj24,11616,2014-12-09 22
103891828,2427560,1,96sjoun,12345,2014-12-02 22
103582986,378039265,1,99ch7t7,10258,2014-12-05 17
106557109,263555084,3,,7582,2014-12-03 20
103802946,258029047,1,,4984,2014-12-17 08
104221274,331175160,1,,6513,2014-12-16 17
116730636,350107988,1,,4640,2014-12-18 10
103898055,310599523,4,94jrmkd,5879,2014-11-23 10
100509623,311308630,1,,11241,2014-11-24 16
116678892,348605465,1,96ctj4b,7393,2014-12-15 21
103891828,264597138,1,,9614,2014-12-08 21
103582986,336272590,1,,10258,2014-11-20 20
106557109,293611882,1,99b5ghv,4584,2014-12-09 12
103802946,12768996,1,,4984,2014-12-14 00
104221274,142191214,1,,436,2014-11-26 21
116730636,263076857,1,,4640,2014-12-17 14
103898055,95744520,1,,6035,2014-11-22 08
100509623,323163113,1,,3064,2014-12-08 12
116678892,226537329,1,96ctj4c,7393,2014-12-15 22
103891828,264597138,1,,9614,2014-12-08 21
103582986,195345377,1,99ch7th,508,2014-12-09 20
106557109,65179740,1,,4584,2014-12-11 19
103802946,11208454,1,,4984,2014-12-14 00
104221274,381828845,1,,1863,2014-12-15 18
116730636,192728895,1,,4269,2014-12-04 17
103898055,285935046,1,,6194,2014-12-07 00
100509623,380795020,1,,11241,2014-11-24 16
116678892,146834498,1,96ctj64,7393,2014-12-15 22
103891828,290734862,1,95f75he,5503,2014-11-22 14
103582986,116530963,1,99ch7ua,508,2014-12-14 19
106557109,170567766,1,,1968,2014-12-03 19
103802946,397941317,1,9623n2f,4984,2014-12-17 19
104221274,178899592,1,,7103,2014-12-07 15
116730636,247082491,1,,4269,2014-12-04 17
103898055,174102404,1,94j79hu,6194,2014-12-06 16
100509623,358477777,1,,3064,2014-11-18 18
116678892,159826255,1,96ctjiq,10392,2014-12-15 19
103891828,402834126,1,95f75h4,5503,2014-11-22 14
103582986,238013567,1,99ch7t1,8332,2014-12-12 21
106557109,170567766,1,,1968,2014-12-03 19
103802946,397941317,1,,4984,2014-12-17 17
104221274,179545554,1,,7103,2014-12-08 08
116730636,248482995,1,,4269,2014-12-04 17
103898055,125688583,1,,7516,2014-12-15 00
100509623,265848864,1,,3064,2014-12-11 12
116678892,274670185,1,96ctjil,10392,2014-12-15 19
103891828,151412390,1,95f75k9,5503,2014-11-22 14
103582986,28198967,1,99ch7u9,508,2014-11-23 16
106557109,83159428,1,99b5ghw,11623,2014-11-30 20
103802946,147654826,1,,4984,2014-12-15 00
104221274,168066569,1,,11279,2014-12-05 14
116730636,343114710,1,,4269,2014-12-04 17
103898055,174102404,1,94j79ks,6194,2014-12-06 16
100509623,99911935,1,,11241,2014-11-23 17
116678892,386878199,1,96ctjhn,3472,2014-12-10 22
103891828,399488852,1,95f75hp,5503,2014-11-22 14
103582986,150613712,1,99ch7ur,4295,2014-12-01 21
106557109,206019585,1,99b5ghu,5689,2014-12-12 12
107874169,320782847,1,,883,2014-12-08 21
104221274,170338856,1,,5027,2014-12-16 21
116730636,369099103,1,,4640,2014-12-04 16
103898055,137528412,1,,9909,2014-12-15 00
100509623,179258916,1,,11241,2014-11-23 15
116678892,152596841,1,96ctj4g,7393,2014-12-15 22
103891828,324201712,4,95f757n,6211,2014-11-24 16
103582986,46709942,1,99ch7vg,508,2014-11-25 16
106557109,19325485,1,,10470,2014-12-01 21
107874169,397890141,1,,264,2014-12-08 20
104221274,394476704,1,,5204,2014-12-08 14
116730636,300853694,1,,4269,2014-12-04 17
103898055,305441102,1,,9909,2014-12-15 00
100509623,263065132,1,,3064,2014-12-09 14
116678892,45886010,1,96ctj29,2884,2014-12-09 22
103891828,399115179,1,96sjmn6,13730,2014-11-27 23
103582986,366307054,1,,5399,2014-11-25 00
106557109,269849593,1,99b5ghu,10344,2014-12-08 17
107874169,397890141,3,,264,2014-12-08 17
104221274,170338856,1,,5027,2014-12-09 19
116730636,300853694,1,,4269,2014-12-04 17
103898055,231858519,1,,7274,2014-12-13 23
100509623,270008666,4,,11241,2014-12-12 01
116678892,274282376,1,96ctj72,8649,2014-12-10 22
103891828,186004697,1,96sjotb,13050,2014-11-26 11
103582986,235091189,1,99ch7t3,3252,2014-11-23 15
106557109,189369680,1,,10344,2014-12-12 21
107874169,23102932,1,,7708,2014-12-07 00
104221274,170338856,1,,5027,2014-12-17 20
116730636,386545320,1,,4269,2014-12-04 17
103898055,11388701,1,,5358,2014-12-02 00
100509623,263065132,1,,3064,2014-12-11 12
116678892,401450443,1,96ctj7a,11470,2014-12-10 22
103891828,167447243,1,96sjma0,13730,2014-11-27 23
103582986,109287312,1,99ch7ui,5399,2014-11-29 14
106557109,317942718,1,,13425,2014-11-28 16
107874169,290630561,1,,7708,2014-12-08 17
104221274,381056885,1,,5027,2014-11-18 19
116730636,192728895,1,,4269,2014-12-04 17
103898055,237075139,1,,5358,2014-12-01 23
100509623,263811955,3,,3064,2014-11-18 19
116678892,280697593,1,96ctj6p,12862,2014-12-15 22
103891828,88246820,1,,12067,2014-12-11 08
103582986,374258636,1,99ch7t2,508,2014-11-23 15
106557109,317942718,1,,13425,2014-11-21 20
107874169,260950623,1,,6344,2014-12-03 22
104221274,170338856,1,,5027,2014-12-17 20
116730636,327284010,1,,3783,2014-11-23 13
103898055,304850094,1,,5358,2014-12-02 00
100509623,175107457,1,,11241,2014-12-09 11
116678892,402245040,1,,5492,2014-12-06 00
103891828,98292282,1,,12067,2014-12-11 08
103582986,374258636,3,,508,2014-12-10 12
106557109,368390605,1,99b5bhr,2415,2014-12-07 15
107874169,243504133,1,9rdmund,2901,2014-11-22 22
104221274,170338856,1,,5027,2014-12-14 10
116730636,256277567,1,,4640,2014-12-17 17
103898055,219574429,1,,6252,2014-12-02 01
100509623,189270950,1,,11241,2014-11-23 16
116678892,152959837,1,96ctj2t,11470,2014-12-10 22
103891828,88246820,3,,12067,2014-12-11 08
103582986,18143103,1,99chrfc,5399,2014-12-11 18
106557109,317942718,1,,13425,2014-11-22 12
107874169,151726573,1,,11552,2014-12-08 19
104221274,177859504,1,,10984,2014-11-26 22
116730636,137571523,1,,3687,2014-12-01 19
103898055,320581882,1,,4076,2014-12-08 12
100509623,308435187,4,,3064,2014-12-12 00
116678892,280697593,1,96ctj6t,12862,2014-12-15 22
103891828,88246820,3,95dos6s,12067,2014-12-12 18
103582986,374258636,1,99chw73,508,2014-11-25 11
106557109,284590195,1,,11623,2014-11-29 23
107874169,47371563,1,,6344,2014-12-08 21
104221274,170338856,2,,5027,2014-12-05 14
116730636,14145935,1,,4640,2014-12-05 15
103898055,139795726,1,,4076,2014-12-08 12
100509623,87075648,3,,3064,2014-12-11 12
116678892,322851022,1,96ctjqu,12862,2014-12-15 22
103891828,38111777,3,,12067,2014-12-08 22
103582986,376124759,1,,3662,2014-12-15 00
106557109,297404946,1,99b5gh9,10344,2014-12-08 17
107874169,317216857,1,,11623,2014-12-08 19
104221274,170338856,1,,5027,2014-12-12 13
116730636,137571523,1,,3687,2014-12-01 19
103898055,227599232,1,94j79id,2667,2014-12-03 22
100509623,30689308,1,,3064,2014-12-09 12
116678892,315794598,1,96ctj52,12862,2014-12-15 22
103891828,280932144,1,96sjmnn,1863,2014-12-06 16
103582986,109287312,1,,5399,2014-12-10 12
106557109,288855340,1,99b5ghq,2415,2014-12-05 19
107874169,331224970,1,,11623,2014-12-10 00
104221274,7974615,1,,5027,2014-12-05 19
116730636,172662590,1,,4640,2014-12-05 15
103898055,197372556,1,94j79ig,9807,2014-12-06 23
100509623,294398258,3,,11241,2014-11-21 19
116678892,95172852,1,96ctj5c,12862,2014-12-15 22
103891828,331469184,1,96sjmat,6513,2014-12-06 17
103582986,109287312,1,99ch7ts,5399,2014-11-27 19
106557109,297404946,1,99b5ghp,10344,2014-12-08 17
107874169,400208967,1,,2947,2014-12-16 07
104221274,35186471,1,,10984,2014-12-01 12
116730636,228572499,1,,3687,2014-11-26 09
103898055,24985581,1,94jrml1,9807,2014-12-02 10
100509623,403660464,1,,3064,2014-12-11 12
116678892,220434529,1,96ctjrf,6344,2014-12-08 16
103891828,354546692,1,,6513,2014-12-12 15
103582986,109287312,1,99ch7us,5399,2014-11-27 19
106557109,241579299,1,,2415,2014-11-29 23
107874169,170423625,1,,11623,2014-12-08 22
104221274,299226247,1,,7103,2014-12-10 23
116730636,197514670,1,,3687,2014-12-01 19
103898055,51924702,1,94j79k0,9807,2014-12-06 23
100509623,251085832,1,,11241,2014-12-11 10
116678892,26041691,1,96ctj2w,11470,2014-12-05 23
103891828,98292282,4,95fppbu,12067,2014-12-12 10
103582986,328025926,3,99ch7vd,3662,2014-12-09 16
106557109,315349397,1,,11623,2014-11-30 12
107874169,349364669,1,,3431,2014-12-06 08
104221274,220670141,1,,5027,2014-12-02 21
116730636,137571523,2,,3687,2014-11-26 10
103898055,339380043,1,94jrmeu,2667,2014-12-08 17
100509623,308435187,3,,3064,2014-12-12 00
116678892,349457839,1,96ctj6b,13334,2014-12-09 22
103891828,296060756,1,,12067,2014-12-11 08
103582986,142689985,1,,4370,2014-11-19 06
106557109,34528275,1,99b5gkk,10344,2014-12-05 19
107874169,318829379,1,,2947,2014-12-15 22
104221274,243863488,1,,7103,2014-12-08 08
116730636,228572499,1,,3687,2014-11-26 09
103898055,17746045,1,94j79ig,2667,2014-12-03 22
100509623,270008666,4,,11241,2014-12-12 01
116678892,26041691,1,96ctj03,11470,2014-12-05 23
103891828,329330903,1,95dos5e,2825,2014-12-12 17
103582986,236295507,1,99ch7uj,6512,2014-11-22 14
106557109,402377357,1,,6344,2014-11-22 12
107874169,391522931,1,,292,2014-12-04 12
104221274,365405107,1,,5027,2014-11-29 22
116730636,197514670,1,,3687,2014-12-01 19
103898055,67480017,1,94j79h2,2667,2014-12-03 22
100509623,354217891,1,,3064,2014-11-26 13
116678892,173784237,1,96ctjqq,6054,2014-12-15 22
103891828,367066075,4,95dos7v,6513,2014-12-12 17
103582986,140324461,1,99ch7ur,3662,2014-12-12 21
106557109,95375239,1,,10344,2014-11-28 20
107874169,170423625,3,,11623,2014-12-08 22
104221274,41588795,1,,5204,2014-11-25 10
116730636,137571523,1,,3687,2014-12-01 19
103898055,142599217,1,94jrmld,11184,2014-12-18 16
100509623,365106116,1,,3064,2014-11-19 10
116678892,365055895,1,96ctjw2,13334,2014-12-05 20
103891828,333287843,1,,2825,2014-12-06 17
103582986,92303036,1,,3662,2014-12-08 17
106557109,27033204,1,,11623,2014-11-29 23
107874169,266098044,1,,2901,2014-11-23 00
104221274,170338856,1,,5027,2014-12-05 19
116730636,297736611,1,,5689,2014-11-29 11
103898055,142599217,1,94jrma4,11184,2014-12-18 16
100509623,315972687,1,,11241,2014-11-21 14
116678892,261926025,1,96ctjrj,6054,2014-12-15 22
103891828,225097711,1,,9412,2014-11-24 12
103582986,298661305,1,,3662,2014-12-03 13
106557109,220411377,1,,11623,2014-11-29 23
107874169,23248758,1,,2322,2014-12-11 22
104221274,170338856,1,,5027,2014-12-06 09
116730636,304649637,1,,4640,2014-12-18 10
11087331,74686064,1,95a6an1,6417,2014-12-10 21
100509623,196311788,1,,11241,2014-11-23 17
116678892,303851289,1,,11470,2014-12-14 22
103891828,76070544,1,,3381,2014-11-28 17
103582986,178120103,1,,3424,2014-12-18 21
106557109,304604981,1,,10344,2014-11-28 20
107874169,265738219,1,,3431,2014-11-18 21
104221274,33140284,1,,5204,2014-12-17 08
116730636,297736611,1,,5689,2014-11-21 13
11087331,316745457,1,95a6anq,9526,2014-12-13 19
100509623,99750272,1,,3064,2014-11-25 14
116678892,20070528,1,,11470,2014-12-14 22
103891828,97769346,1,96sjovh,3381,2014-12-02 23
103582986,51712764,1,,6513,2014-12-09 06
106557109,220411377,1,,11623,2014-11-29 23
107874169,23248758,1,,2322,2014-12-11 22
104221274,170338856,1,,5027,2014-12-06 14
116730636,83547631,1,,4640,2014-12-13 20
11087331,340831900,1,,11339,2014-12-03 22
100509623,327488697,1,,11241,2014-11-23 16
116678892,20070528,1,,11470,2014-12-14 22
103891828,385130619,1,,3381,2014-11-28 18
103582986,312221177,1,99ch73a,12245,2014-12-16 16
106557109,317118298,1,99b5gh3,10344,2014-12-05 19
107874169,23248758,1,,2322,2014-12-11 20
104221274,33140284,1,,5204,2014-12-03 21
116730636,3996829,1,,4640,2014-12-17 13
11087331,346565107,1,95a6aki,292,2014-12-11 22
100509623,331564086,1,,3064,2014-12-09 12
116678892,222097521,1,96ctjha,11470,2014-12-11 22
103891828,307288239,1,95f7572,6513,2014-11-24 16
103582986,51712764,1,,6513,2014-12-09 06
106557109,67810602,1,99b5gkw,2415,2014-11-27 15
107874169,204895352,2,,3431,2014-11-18 21
104221274,95597212,1,,5399,2014-11-29 09
116730636,183667401,1,,4640,2014-12-05 15
11087331,116879805,1,95a6aau,292,2014-12-11 21
100509623,213202507,1,,11241,2014-11-23 17
116678892,19887600,1,96ctj2t,13334,2014-12-09 22
103891828,197903355,1,,6513,2014-12-17 20
103582986,350602879,1,99ch7ts,2679,2014-12-10 19
106557109,218537693,1,99b5gkn,11623,2014-11-30 20
107874169,391522931,1,,292,2014-12-04 13
104221274,394885526,1,,1083,2014-12-18 20
116730636,183667401,1,,4640,2014-12-05 15
11087331,378037063,1,,10242,2014-12-02 23
100509623,137838685,1,,3064,2014-11-25 14
116678892,300143171,1,96ctjns,11470,2014-12-10 22
103891828,97769346,1,96sjma5,3381,2014-12-01 13
103582986,384484001,1,99ch7uk,11279,2014-11-24 19
106557109,70763802,1,,9516,2014-11-22 13
107874169,204895352,1,,3431,2014-11-18 21
104221274,289521268,1,,1083,2014-12-15 22
116730636,304941360,1,,9820,2014-12-05 15
11087331,170891733,1,95a6ahh,11623,2014-12-16 20
100509623,331564086,1,,3064,2014-12-08 12
116678892,305405156,1,96ctjha,11470,2014-12-10 22
103891828,105428441,1,,3381,2014-11-28 17
103582986,154972149,1,99ch7t1,2679,2014-12-10 19
106557109,82771334,1,99b5g7n,2415,2014-11-27 14
107874169,266098044,1,,2901,2014-11-23 00
104221274,96826772,1,,7103,2014-12-02 18
116730636,142266878,1,,4640,2014-12-12 20
11087331,340831900,1,,11339,2014-12-03 22
100509623,263065132,1,,3064,2014-11-23 10
116678892,209460909,1,96ctjh7,13334,2014-12-10 22
103891828,122426878,1,96sjmha,3381,2014-12-01 13
103582986,42820753,1,99ch7tv,11279,2014-11-24 19
106557109,87696319,1,99b5ghg,10344,2014-12-07 22
107874169,363038861,1,,10797,2014-12-15 10
104221274,87560590,1,,1083,2014-12-05 14
116730636,374640874,1,,4640,2014-12-13 20
11087331,41582964,1,95a6an6,9526,2014-12-10 21
100509623,209895116,1,tfvd9it,11241,2014-11-24 12
116678892,230567774,1,96ctj7r,11470,2014-12-10 22
103891828,105720585,1,96skune,3783,2014-12-14 22
103582986,42820753,1,99ch70m,11279,2014-11-24 19
106557109,159324009,1,,9516,2014-11-22 13
107874169,267100295,1,,7670,2014-12-09 20
104221274,134269866,1,,1083,2014-12-14 19
116730636,374640874,1,,4640,2014-12-13 20
11087331,359489421,1,95a6akb,3064,2014-12-16 20
100509623,288866907,1,,11241,2014-11-23 16
116678892,320572091,1,96ctj7i,11470,2014-12-11 22
103891828,85264995,1,96skuc5,3783,2014-12-14 22
103582986,131410706,1,,8413,2014-11-23 08
106557109,206333002,1,99b5ghr,2415,2014-12-05 19
107874169,195247259,1,,4405,2014-12-04 12
104221274,119279821,1,,7753,2014-12-16 21
116730636,274308791,1,,11552,2014-12-15 16
11087331,28884781,1,,9526,2014-12-10 15
100509623,331564086,1,,3064,2014-12-12 00
116678892,320572091,1,96ctj7j,11470,2014-12-10 22
103891828,136101841,1,96skung,3783,2014-12-14 22
103582986,140114000,1,99ch7te,2679,2014-12-10 19
106557109,145716425,1,,10344,2014-12-12 21
107874169,266098044,4,,2901,2014-11-23 00
104221274,110214852,1,,1083,2014-11-25 23
116730636,19495026,1,,10049,2014-11-20 15
11087331,71661185,1,95a6aki,3064,2014-12-10 21
100509623,10915039,1,,3064,2014-12-11 14
116678892,320572091,1,96ctjn1,11470,2014-12-11 22
103891828,76515428,1,96skuct,3783,2014-12-14 22
103582986,120921967,1,,11489,2014-11-19 06
106557109,23163663,1,,9516,2014-11-22 13
107874169,346398603,1,,3431,2014-11-18 12
104221274,286446748,1,,7961,2014-12-07 21
116730636,198183021,1,,10049,2014-11-20 15
11087331,45244222,1,95a6anp,3064,2014-12-11 21
100509623,221741746,1,,3064,2014-12-09 11
116678892,320572091,1,96ctjwv,11470,2014-12-12 19
103891828,105900041,1,95f757t,10533,2014-11-22 14
103582986,120921967,1,,11489,2014-11-19 06
106557109,145716425,1,,10344,2014-12-12 21
107874169,396679523,1,,11552,2014-12-09 23
104221274,398670698,1,,7961,2014-12-07 21
116730636,198183021,1,,10049,2014-11-20 15
11087331,112940003,1,95a6ahk,3064,2014-12-16 20
100509623,279549219,3,,3064,2014-12-09 12
116678892,279516470,1,96ctjrc,11470,2014-12-15 20
103891828,11312027,1,96sjovq,3381,2014-12-02 23
103582986,359702032,1,99ch7tn,5395,2014-12-12 21
106557109,145716425,1,99b5ghb,10344,2014-12-07 22
107874169,336649073,1,,4405,2014-12-13 06
104221274,134269866,1,,1083,2014-12-12 08
116730636,210885779,1,,1863,2014-12-03 08
11087331,376961766,1,95a6ah3,9526,2014-12-10 21
100509623,279683692,1,,11241,2014-11-23 17
116678892,44462678,1,96ctjnp,13334,2014-12-10 22
103891828,198451334,3,,3381,2014-11-28 18
103582986,136875837,1,99ch7t3,10271,2014-11-23 20
106557109,382502511,1,,5653,2014-11-22 19
107874169,283708890,1,,6673,2014-12-04 19
104221274,192444274,1,,12328,2014-11-30 22
116730636,122932925,1,,11623,2014-12-08 12
11087331,169411640,1,95a6ahf,4116,2014-12-15 23
100509623,30614870,1,,3064,2014-11-18 18
116678892,75658076,1,96ctj7c,13334,2014-12-09 22
103891828,338490126,1,,3381,2014-11-28 18
103582986,324198388,1,99ch7u7,1863,2014-12-18 11
106557109,133016105,1,,10344,2014-12-05 16
107874169,336649073,1,,4405,2014-12-13 06
104221274,138398013,1,,1083,2014-12-12 23
116730636,122810641,1,,11623,2014-12-11 11
11087331,9315127,1,95a6aha,9450,2014-12-10 21
100509623,373518969,1,,11241,2014-12-12 01
116678892,150851763,1,96ctj7c,11470,2014-12-10 22
103891828,314484808,1,,10894,2014-12-14 00
103582986,302745903,1,99ch7ui,10271,2014-12-04 23
106557109,239065977,1,99b5ghq,2415,2014-11-27 15
107874169,204895352,1,,3431,2014-12-15 17
104221274,58080127,1,,12328,2014-11-23 18
116730636,186462875,1,,11623,2014-12-06 12
11087331,90231890,1,,10314,2014-12-04 21
100509623,29870262,1,,11241,2014-11-23 16
116678892,75658076,1,96ctjrv,13334,2014-12-05 20
103891828,314484808,1,,10894,2014-12-14 00
103582986,244415162,1,,5027,2014-11-25 00
106557109,4619898,1,,5653,2014-11-22 19
107874169,425318,1,,3431,2014-11-18 13
104221274,359822336,1,,12328,2014-12-03 21
116730636,122932925,1,,11623,2014-12-09 19
112296733,94977623,1,9rr2civ,12237,2014-12-01 16
100509623,138009776,1,,11241,2014-11-24 16
116678892,365055895,1,96ctji7,13334,2014-12-05 20
103891828,264674058,1,,3381,2014-11-28 18
103582986,244415162,1,,5027,2014-11-25 00
106557109,29227668,1,,10344,2014-11-28 20
107874169,325748578,3,,6655,2014-12-07 19
104221274,275963913,1,,7961,2014-12-07 21
116730636,122810641,1,,11623,2014-12-11 11
112296733,253133124,1,9rr2ci1,1750,2014-12-01 18
100509623,373158829,1,,922,2014-11-26 12
116678892,370915131,1,,11470,2014-12-14 21
103891828,110266827,1,,10894,2014-12-14 00
103582986,279877810,1,99ch7uw,8270,2014-11-19 19
106557109,303960379,1,,5653,2014-11-22 19
107874169,204895352,1,,3431,2014-12-11 12
104221274,274636584,1,,10740,2014-12-12 23
132252054,211008867,1,,10314,2014-11-27 00
112296733,397389514,1,9rr2clu,6945,2014-12-04 15
100509623,19339795,1,,10935,2014-12-15 18
116678892,144009220,1,,13334,2014-12-10 20
103891828,147803109,1,96sjma0,3381,2014-12-01 13
103582986,169375972,1,99ch7us,10271,2014-11-19 21
106557109,399764708,1,,5653,2014-11-22 19
107874169,274790668,1,,5689,2014-12-07 08
104221274,194751881,1,,12328,2014-12-18 18
132252054,85794087,1,94i3wmp,150,2014-11-26 12
112296733,120050639,1,9rr2cjc,4110,2014-12-01 19
100509623,193290890,1,,11241,2014-11-23 17
116678892,370915131,1,96ctj7f,11470,2014-12-11 22
103891828,11312027,1,,3381,2014-11-28 18
103582986,29194346,1,,7720,2014-11-24 12
106557109,316286059,1,,10431,2014-12-13 12
107874169,116516780,1,9rdmucv,5689,2014-11-22 18
104221274,161993612,1,,12328,2014-11-18 20
132252054,117683610,1,,552,2014-11-29 14
112296733,22798756,1,9rr2cjh,4110,2014-11-25 11
100509623,279695440,1,,10935,2014-12-03 16
116678892,305999134,1,96ctj2t,13334,2014-12-09 22
103891828,64471269,1,,10894,2014-12-14 00
103582986,1782763,1,,7195,2014-11-20 20
106557109,261385283,1,99b5gkh,10344,2014-12-08 17
107874169,382991417,3,,1032,2014-12-16 21
104221274,258868276,1,,6255,2014-11-25 10
132252054,380959448,1,,552,2014-12-03 08
112296733,70276578,1,9rr23go,11909,2014-12-01 11
100509623,23516105,1,,6417,2014-11-27 14
116678892,252919596,1,96ctj7h,11470,2014-12-10 22
103891828,151944036,1,96sjmhb,10894,2014-12-06 16
103582986,379433087,3,99ch7ua,3472,2014-11-18 20
106557109,190795682,1,99b5gkl,10344,2014-12-07 22
107874169,260612740,1,,1032,2014-12-06 13
104221274,393729509,1,,12328,2014-11-30 22
132252054,319438796,4,,2153,2014-12-18 16
112296733,295675486,1,9rr2co6,11771,2014-12-04 15
100509623,141350185,1,tfvomba,11241,2014-12-09 18
116678892,252919596,1,96ctjn9,11470,2014-12-10 22
103891828,295959734,1,95dos7t,10894,2014-12-12 18
103582986,379433087,1,99chwkp,3472,2014-11-18 13
106557109,129322658,1,,3798,2014-12-01 12
107874169,243504133,1,,2901,2014-11-19 19
104221274,185588624,1,,1863,2014-12-15 18
132252054,211018206,1,,3381,2014-11-18 13
112296733,8896565,1,9rr2cin,13326,2014-12-01 15
100509623,189492611,1,,11241,2014-12-12 01
116678892,46411259,1,96ctj2t,11470,2014-12-10 22
103891828,13039471,1,,10894,2014-12-14 00
103582986,249548696,1,,6513,2014-12-18 14
106557109,203126455,1,,3798,2014-12-01 12
107874169,341050959,1,9rdmuc3,856,2014-11-22 18
104221274,123291839,1,,7103,2014-12-04 21
132252054,319438796,1,,2153,2014-12-18 16
112296733,29916677,1,9rr2clc,11771,2014-12-04 15
100509623,23516105,1,,6417,2014-11-27 14
116678892,115175957,1,96ctjrg,13334,2014-12-05 20
103891828,276232421,1,96sjmhb,11552,2014-12-01 14
103582986,379433087,1,99chwh1,3472,2014-11-18 13
106557109,39107549,1,,2993,2014-12-09 18
107874169,334367211,1,,1969,2014-12-16 21
104221274,59731201,1,,13338,2014-12-01 22
132252054,135809773,1,,11565,2014-12-16 16
112296733,180527768,1,9rr2cie,8874,2014-11-24 17
100509623,23516105,1,,6417,2014-11-26 12
116678892,189010133,1,96ctj7b,13334,2014-12-09 22
103891828,192362241,1,,11552,2014-11-28 17
103582986,379433087,1,99chwha,3472,2014-11-18 14
106557109,44551904,1,99b5g72,10344,2014-12-15 15
107874169,88026944,1,,7578,2014-12-08 21
104221274,338088028,1,,5388,2014-11-18 20
132252054,382425316,1,,4889,2014-12-17 12
112296733,302103414,1,9rr2cjp,2175,2014-12-01 17
100509623,122165458,1,,6417,2014-11-24 18
116678892,242917017,1,96ctj29,13334,2014-12-10 22
103891828,39427278,1,,10894,2014-12-14 00
103582986,132385603,1,99ch7un,6513,2014-11-23 16
106557109,68499877,1,99b5gh6,2415,2014-11-25 17
107874169,243504133,1,,2901,2014-11-18 22
104221274,262878991,1,,5232,2014-12-01 22
132252054,378070907,1,,10894,2014-11-29 14
112296733,315464110,1,9rr2cje,8161,2014-12-01 16
100509623,122165458,1,,6417,2014-11-24 18
116678892,157443863,1,96ctjhk,11470,2014-12-10 22
103891828,298569463,1,96skuct,10894,2014-12-14 18
103582986,134379284,1,99ch7us,5894,2014-11-22 07
106557109,275728559,1,,9790,2014-11-28 16
107874169,285669519,3,,13041,2014-12-07 23
104221274,118933652,1,,7103,2014-11-25 22
132252054,292879191,1,,3381,2014-11-18 12
112296733,35687997,1,9rr2cis,8161,2014-11-24 13
100509623,100904819,1,,11492,2014-12-11 14
116678892,347626046,1,96ctj7k,11470,2014-12-10 22
103891828,90128910,4,95f75h6,11770,2014-11-24 16
103582986,44943685,1,,12570,2014-12-18 14
106557109,32068561,1,,10344,2014-11-22 20
107874169,135409075,1,,13041,2014-12-08 12
104221274,259416876,1,,7103,2014-11-26 13
132252054,382425316,1,,4889,2014-12-17 12
112296733,356637647,1,9rr2cjc,8161,2014-11-30 12
100509623,100904819,1,,11492,2014-11-18 19
116678892,245072111,1,96ctjii,13334,2014-12-05 20
103891828,307650003,1,,3628,2014-12-04 22
103582986,152592705,1,,6255,2014-12-16 12
106557109,168524907,1,99b5gh7,10344,2014-12-15 11
107874169,124740923,1,,13409,2014-12-06 00
104221274,176858421,1,,7103,2014-12-01 13
132252054,356174015,1,,1005,2014-12-16 16
112296733,356637647,1,9rr2cjf,8161,2014-11-29 11
100509623,275961578,1,,11241,2014-12-12 01
116678892,54451674,1,96ctj2p,13334,2014-12-09 22
103891828,129923853,1,96sjouh,3628,2014-12-02 22
103582986,237074363,1,99chw70,6054,2014-12-17 14
106557109,24961976,1,99b5g71,10344,2014-12-12 11
107874169,333682070,1,,436,2014-12-07 09
104221274,214287899,1,,7103,2014-12-08 08
132252054,42022648,1,,12090,2014-11-24 15
112296733,326021548,1,9rr2cjn,8161,2014-12-15 13
100509623,235445049,1,,11241,2014-11-24 13
116678892,103442474,1,96ctjw9,11470,2014-12-15 20
103891828,403204495,3,,2825,2014-12-06 17
103582986,152543975,1,99chhr9,6054,2014-12-16 16
106557109,8172566,1,99b5ghp,2993,2014-12-12 11
107874169,385635756,1,9rdmuam,13759,2014-11-23 20
104221274,279217756,1,,13230,2014-12-07 17
132252054,61734345,1,94i3rfc,6082,2014-11-26 13
112296733,228789369,1,9rr2cis,8161,2014-11-24 11
100509623,246136821,1,tfvomgf,11241,2014-12-09 18
116678892,268035351,1,96ctjwe,11470,2014-12-15 20
103891828,144644846,1,,12388,2014-12-16 19
103582986,129013517,1,,6054,2014-12-16 23
106557109,294544507,1,,10344,2014-12-11 19
107874169,157559115,1,,9195,2014-12-12 18
104221274,279217756,1,,13230,2014-12-07 17
132252054,82434788,1,94i3rgh,6082,2014-11-26 13
112296733,88520590,1,9rr2cjg,1650,2014-12-01 18
100509623,246136821,1,tfvomb1,11241,2014-12-09 18
116678892,106634682,1,,11470,2014-12-14 22
103891828,211881164,1,,12388,2014-12-16 19
103582986,298742165,1,99ch73b,12142,2014-11-23 12
106557109,81574634,1,99b5ghb,10344,2014-12-07 22
107874169,377542101,1,9rdmubr,176,2014-11-24 19
104221274,216110297,1,,13230,2014-12-01 21
132252054,211304251,1,94i3rfk,6082,2014-11-26 13
112296733,326438427,1,9rr2civ,8161,2014-12-15 13
100509623,211443305,3,,11492,2014-12-12 00
116678892,300066369,1,96ctjii,11470,2014-12-15 20
103891828,347862624,1,,12388,2014-12-16 19
103582986,237074363,1,99chwk4,6054,2014-12-17 14
106557109,101570056,1,,1854,2014-12-16 20
107874169,323349755,1,,3537,2014-12-03 13
104221274,102529103,1,,13230,2014-12-04 10
132252054,211304251,1,94i3rgm,6082,2014-11-26 13
112296733,363724230,1,9rr2cj6,1650,2014-12-01 19
100509623,211443305,1,,11492,2014-12-11 12
116678892,360489246,1,,13334,2014-12-09 09
103891828,370671405,1,96sjmkd,5689,2014-12-06 17
103582986,322847308,1,99ch7tu,5399,2014-11-29 14
106557109,51799368,1,,13872,2014-11-23 19
107874169,88700355,1,,13409,2014-12-06 00
104221274,47484909,1,,6344,2014-12-06 09
132252054,113708218,1,94i3rfk,6082,2014-11-26 13
112296733,276988814,3,9rr23go,8161,2014-12-01 15
100509623,366220812,1,,1963,2014-11-30 16
116678892,300066369,1,96ctjws,11470,2014-12-15 20
103891828,122513296,1,,6513,2014-12-06 17
103582986,386040770,1,99ch73b,1863,2014-12-09 16
106557109,360053156,1,,13872,2014-11-23 19
107874169,122308231,1,9rdmun1,7299,2014-11-22 12
104221274,102529103,4,,13230,2014-12-12 23
132252054,226855167,1,,9517,2014-11-29 23
112296733,172126922,3,9rr23gm,8161,2014-11-30 13
100509623,138765182,1,,11492,2014-12-11 11
116678892,342932974,1,96ctjw6,11470,2014-12-15 20
103891828,393068646,1,,5027,2014-12-05 18
103582986,371415189,1,99ch7t2,5399,2014-11-23 21
106557109,31688989,1,,697,2014-12-01 12
107874169,294269198,1,,7467,2014-12-12 00
104221274,189092637,1,,6344,2014-12-15 18
132252054,272336733,3,94i3rgf,8095,2014-11-28 22
112296733,136653267,1,9rr2ci1,8161,2014-12-01 10
100509623,164849374,1,,10567,2014-12-16 11
116678892,360489246,1,96ctjwl,13334,2014-12-15 19
103891828,1793895,1,,6513,2014-12-12 15
103582986,385189230,1,,13230,2014-12-12 06
106557109,80724882,1,,1854,2014-12-16 20
107874169,243504133,1,9rdmu2b,2901,2014-11-19 20
104221274,67750215,1,,13230,2014-12-07 08
132252054,22697809,1,,4435,2014-12-18 15
112296733,377564256,1,9rr2cjo,2175,2014-12-01 11
100509623,366220812,1,,1963,2014-11-30 16
116678892,342932974,1,96ctjwi,11470,2014-12-11 11
103891828,168675579,1,,6513,2014-12-12 16
103582986,227577642,1,99chwk7,7549,2014-12-10 13
106557109,284666667,1,,697,2014-11-21 20
107874169,156537731,1,,8159,2014-12-07 08
104221274,102529103,1,,13230,2014-12-09 15
133088851,380568228,1,,2284,2014-12-13 03
112296733,241419493,1,9rr2ciq,10740,2014-12-18 15
100509623,354574765,1,,1963,2014-11-24 18
116678892,360489246,1,96ctjwj,13334,2014-12-05 20
103891828,393068646,1,,5027,2014-12-05 18
103582986,227577642,1,99chw7c,7549,2014-12-10 13
106557109,31688989,3,99b5ght,697,2014-12-07 22
107874169,114579237,1,,11279,2014-12-12 00
104221274,14563523,1,,13230,2014-12-13 00
133088851,28972737,1,,10290,2014-12-13 04
112296733,404387998,1,9rr2cjp,8161,2014-12-15 13
100509623,62660842,1,,354,2014-11-19 17
116678892,189010133,1,96ctj25,13334,2014-12-09 22
103891828,16428785,1,96skuai,5027,2014-12-14 22
103582986,383270844,1,99ch7t7,3673,2014-11-29 14
106557109,321117712,1,,1854,2014-11-22 20
107874169,385635756,1,9rdmuc5,13759,2014-11-23 19
104221274,186716954,1,,5271,2014-12-06 14
133088851,211956128,1,,1483,2014-11-26 09
112296733,310203518,1,9rr2cil,8161,2014-12-01 10
100509623,31148057,1,,10567,2014-11-26 19
116678892,254801428,1,,10507,2014-12-14 21
103891828,114379453,1,96skuc6,5027,2014-12-17 20
103582986,64909487,1,99ch7uk,2334,2014-12-12 22
106557109,31688989,3,,697,2014-12-01 12
107874169,60698940,1,9rdmuai,11279,2014-11-22 17
104221274,324138343,1,,5271,2014-12-06 09
133088851,101669173,1,,10290,2014-12-13 04
112296733,85181370,1,9rr2ci2,10740,2014-12-18 14
100509623,51893876,1,,354,2014-11-19 17
116678892,426819,1,96ctj6q,2158,2014-12-15 22
103891828,22361741,1,96sjmnh,5027,2014-12-06 17
103582986,353193870,1,99ch7up,3673,2014-11-29 14
106557109,1463972,3,,697,2014-11-21 17
107874169,126514898,1,,12802,2014-12-08 21
104221274,102529103,1,,13230,2014-12-13 00
133088851,28972737,1,,10290,2014-12-13 04
112296733,96045954,1,,8161,2014-12-15 16
100509623,290492957,1,tfvomgo,10567,2014-12-08 18
116678892,12109658,1,96ctjqs,2158,2014-12-15 22
103891828,205410435,1,96sjmkd,6513,2014-12-06 17
103582986,187785573,1,99ch7u7,2334,2014-11-27 23
106557109,31688989,1,99b5gkw,697,2014-12-07 22
107874169,131920647,1,9rdmucp,11279,2014-11-23 20
104221274,102529103,1,,13230,2014-12-16 20
133088851,101669173,1,,10290,2014-12-13 04
112296733,98821861,1,9rr2ci1,8161,2014-11-24 11
100509623,157986630,1,,5699,2014-12-09 13
116678892,255460044,1,96ctjrb,7195,2014-12-05 20
103891828,186928807,1,95dosrj,6513,2014-12-12 18
103582986,29416241,1,99ch7tj,3673,2014-11-29 14
106557109,248983900,1,,1854,2014-12-16 20
107874169,279978590,1,,11279,2014-12-08 20
104221274,294499337,1,,5027,2014-11-24 19
133088851,129973703,1,,1483,2014-12-11 22
112296733,98821861,1,9rr2cjv,8161,2014-11-30 12
100509623,51893876,1,,354,2014-11-19 17
116678892,135563285,1,,11470,2014-12-14 22
103891828,348018005,1,,6513,2014-12-08 20
103582986,128705524,1,99chrf3,3673,2014-11-29 15
106557109,29112989,1,,1854,2014-12-11 19
107874169,21285170,3,,6564,2014-11-28 00
104221274,12310412,1,,5271,2014-12-05 14
133088851,247426318,1,,8561,2014-12-12 21
112296733,279669566,1,9rr2cj6,2175,2014-12-01 16
100509623,354263444,1,,354,2014-11-19 17
116678892,27417364,1,,11470,2014-12-06 00
103891828,35655382,1,,2993,2014-11-28 17
103582986,118739322,1,99ch7ur,3673,2014-11-29 14
106557109,263458137,1,99b5g7g,12536,2014-12-07 21
107874169,42135673,1,,7467,2014-12-14 20
104221274,395212936,1,,5027,2014-12-16 21
133088851,305669535,1,,1483,2014-11-26 09
112296733,246280690,1,9rr2ci7,3275,2014-11-24 10
100509623,5027301,1,,2771,2014-11-19 16
116678892,15613366,1,,11470,2014-12-14 22
103891828,378202448,1,95fppgq,2993,2014-12-12 10
103582986,128705524,1,99ch7ua,3673,2014-11-29 15
106557109,392774655,1,,13230,2014-11-22 18
107874169,131920647,4,9rdmuct,11279,2014-11-23 20
104221274,324138343,1,,5271,2014-12-06 09
133088851,167078658,1,,8561,2014-12-12 21
112296733,114811441,1,9rrnwp4,11824,2014-12-04 15
100509623,293440500,1,,5699,2014-12-09 13
116678892,173571367,1,96ctj7k,1860,2014-12-04 22
103891828,59230894,1,,6513,2014-12-06 18
103582986,82930331,1,99ch7tp,3673,2014-11-29 14
106557109,268854677,1,,13230,2014-12-16 20
107874169,349550804,1,,12802,2014-12-08 21
104221274,324138343,1,,5271,2014-12-07 08
133088851,99757589,1,,1308,2014-12-04 23
112296733,280784344,1,9rr2cj6,3275,2014-11-24 10
100509623,314117539,1,,9753,2014-12-05 17
116678892,300314077,1,96ctjru,9372,2014-12-16 19
103891828,199764474,1,,6513,2014-12-05 18
103582986,139830570,1,99ch7sf,5027,2014-11-24 19
106557109,145767852,1,,13230,2014-11-22 18
107874169,398038833,1,9rdmub4,11279,2014-11-22 17
104221274,107091835,1,,5271,2014-12-04 21
133088851,344953563,1,,10431,2014-11-20 21
112296733,351736607,1,9rr2ci3,3275,2014-11-24 10
100509623,372112259,1,,4296,2014-11-18 13
119732530,357857856,1,,7250,2014-11-18 20
103891828,242336842,1,,5399,2014-12-06 18
103582986,139830570,1,99ch7tb,5027,2014-11-24 19
106557109,105325282,1,99b5ghg,9363,2014-12-13 17
107874169,42135673,1,,7467,2014-12-14 22
104221274,94637666,1,,5027,2014-11-26 19
133088851,99757589,1,,1308,2014-12-04 23
112296733,117384023,1,9rr2cmf,11824,2014-12-04 15
100509623,126445094,3,tfvomgb,4296,2014-12-08 17
119732530,184496249,1,94eafwt,4999,2014-11-25 20
103891828,322190924,1,,5399,2014-12-06 18
103582986,42786004,1,99ch7t9,3673,2014-11-29 14
106557109,380977994,1,,13230,2014-11-22 18
107874169,79369393,1,,5329,2014-12-07 00
104221274,26969151,1,,5027,2014-11-24 19
133088851,399294041,1,,2284,2014-12-04 23
112296733,351736607,1,9rr2cjw,3275,2014-11-24 10
100509623,372112259,1,tfvomgb,4296,2014-12-08 18
119732530,263890505,1,94eafi9,3628,2014-12-14 12
103891828,378202448,1,95fppb7,2993,2014-12-12 10
103582986,382374599,1,99ch7tt,10392,2014-12-13 21
106557109,98609876,1,,11985,2014-12-16 21
107874169,121625627,1,,5553,2014-12-04 12
104221274,104767551,1,,5271,2014-11-26 22
133088851,250304937,1,,2284,2014-12-13 03
112296733,20654342,1,9rr2co4,11824,2014-12-04 15
100509623,379836084,1,,4537,2014-11-26 18
119732530,263890505,1,94eagck,3628,2014-12-14 12
103891828,14011762,1,,9516,2014-12-13 21
103582986,341394914,1,99ch7t6,10392,2014-12-01 20
106557109,64997217,1,,9516,2014-11-22 13
107874169,322987319,3,,1337,2014-11-30 19
104221274,277923175,1,,5271,2014-12-03 21
133088851,37904373,1,,10431,2014-12-13 03
112296733,280784344,1,9rr2cj7,3275,2014-11-24 11
100509623,372112259,1,,4296,2014-12-03 10
119732530,291698337,1,,5492,2014-11-28 12
103891828,378202448,1,95fppaa,2993,2014-12-12 11
103582986,329330903,1,99ch733,2825,2014-11-23 12
106557109,292740797,1,,13230,2014-12-16 20
107874169,313910750,1,,1642,2014-11-23 23
104221274,181638369,1,,13230,2014-12-03 18
133088851,363258877,1,95q5qs5,2284,2014-11-20 22
112296733,117384023,1,9rrnwp6,11824,2014-12-04 15
100509623,204848159,1,,4296,2014-12-03 10
119732530,250822753,1,,9109,2014-12-08 15
103891828,378202448,1,96sjmap,2993,2014-12-06 16
103582986,43417962,1,,2825,2014-11-20 20
106557109,104184051,1,,13230,2014-11-22 18
107874169,402829384,1,,1337,2014-11-30 19
104221274,66644612,1,,5271,2014-12-04 22
133088851,3740905,1,,13943,2014-12-12 19
112296733,301134590,1,9rr2co1,10049,2014-12-04 15
100509623,210039711,1,,4296,2014-12-10 16
119732530,380644609,1,,5492,2014-11-18 12
103891828,280165428,1,,9516,2014-12-13 21
103582986,43417962,1,,2825,2014-11-20 20
106557109,292740797,1,,13230,2014-12-16 20
107874169,42135673,1,,7467,2014-12-12 00
104221274,403082296,1,,5271,2014-11-25 22
133088851,358989488,1,,13943,2014-12-12 19
112296733,360534330,1,9rrnwp9,10049,2014-12-04 15
100509623,337459943,1,,6272,2014-12-08 12
119732530,343511481,1,94eafrs,12135,2014-11-19 22
103891828,101140096,1,96skuc6,9516,2014-12-13 20
103582986,47695175,1,,2513,2014-12-13 15
106557109,347979937,1,,13230,2014-12-05 12
107874169,42135673,1,,7467,2014-12-11 20
104221274,59326893,1,,13230,2014-12-15 18
133088851,235047339,1,,2284,2014-11-28 16
112296733,315294983,1,9rr2cj4,12345,2014-12-04 17
100509623,2859838,1,,9503,2014-12-11 10
119732530,297020331,1,94eafw3,12135,2014-11-21 11
103891828,155941793,1,,3673,2014-11-28 17
103582986,362614182,1,99cl6ti,10392,2014-12-14 11
106557109,195317068,1,99b5cnb,11685,2014-11-28 18
107874169,166066612,1,,13409,2014-12-06 09
104221274,226904815,1,,5513,2014-11-25 10
133088851,79748305,1,,7383,2014-12-04 21
112296733,313908260,1,9rr2cj6,2175,2014-12-01 17
100509623,46449333,1,,4296,2014-11-26 18
119732530,42933938,1,,3123,2014-11-18 17
103891828,108516082,1,,3673,2014-11-28 18
103582986,395627683,1,,2513,2014-11-21 12
106557109,274623272,1,,5263,2014-11-22 19
107874169,217349201,1,,10726,2014-12-13 08
104221274,145408296,1,,13230,2014-12-07 07
133088851,145857718,1,,11406,2014-12-12 21
112296733,180386670,1,9rr2cjt,12345,2014-12-04 17
100509623,46449333,1,,4296,2014-11-26 18
119732530,343511481,1,94eagck,12135,2014-11-21 11
103891828,399786685,1,,5232,2014-12-14 00
103582986,242996883,1,99ch7tq,6226,2014-11-29 14
106557109,210616448,1,99b5ccv,11685,2014-11-28 18
107874169,88700355,1,,13409,2014-12-06 00
104221274,143585603,1,,7929,2014-11-24 21
133088851,98724158,1,,10120,2014-11-28 11
112296733,307027932,1,9rr2cjk,2175,2014-12-15 14
100509623,342469404,1,,4296,2014-11-19 10
119732530,73987976,1,,5263,2014-11-19 22
103891828,159849033,1,,5232,2014-12-14 00
103582986,206403735,1,99ch7t4,6513,2014-12-01 21
106557109,211790198,1,,9664,2014-11-30 22
107874169,35723987,1,,242,2014-12-08 19
104221274,145408296,1,,13230,2014-12-09 15
133088851,108171429,1,,11406,2014-12-12 21
112296733,257458550,1,9rr2cjs,10392,2014-12-18 15
100509623,152057593,1,,7995,2014-12-16 12
119732530,77835630,1,,11470,2014-11-18 11
103891828,349298879,1,,3673,2014-11-28 18
116071825,273313231,4,,1518,2014-12-17 10
106557109,235589946,1,,5263,2014-11-22 19
107874169,271882580,1,,7467,2014-12-04 21
104221274,278084673,1,,13230,2014-12-07 08
133088851,257519196,1,,10120,2014-11-28 11
112296733,307027932,1,9rr2cjc,2175,2014-12-15 14
100509623,34747314,1,,7995,2014-11-24 17
119732530,133410331,1,,940,2014-11-19 22
103891828,14318209,1,96sjmhk,3673,2014-12-01 14
116071825,223156795,1,,1518,2014-12-17 10
106557109,164662499,1,,5263,2014-11-22 19
107874169,364164290,1,,4254,2014-12-07 10
104221274,145408296,1,,13230,2014-12-09 15
133088851,137819039,1,,11406,2014-11-28 08
112296733,224298707,3,9rr23bo,10392,2014-12-18 15
100509623,47526255,1,,7995,2014-11-25 16
119732530,27854712,1,,13131,2014-11-18 11
112131404,74157231,1,,6936,2014-11-19 15
116071825,163031814,1,9rf5n4k,7590,2014-12-07 16
106557109,380161342,1,,5263,2014-11-22 19
107874169,278644731,1,,1303,2014-12-04 18
104221274,298954538,1,,9053,2014-12-05 14
133088851,288985648,1,,11406,2014-11-26 14
112296733,224298707,1,9rr2cjc,10392,2014-12-18 15
100509623,368449822,1,,4296,2014-12-09 13
119732530,165680779,1,,940,2014-11-19 22
112131404,74157231,1,,6936,2014-11-19 15
116071825,148267273,1,,3760,2014-12-04 22
106557109,181692071,1,,3381,2014-12-01 12
107874169,364164290,1,,4254,2014-12-07 08
104221274,402355281,1,,13230,2014-12-02 10
133088851,302194208,1,,3472,2014-12-06 15
112296733,64493854,3,9rr2cjc,12569,2014-12-01 19
100509623,156474309,1,,7995,2014-11-25 16
119732530,140146797,1,94eafw3,10063,2014-11-23 12
112131404,300562215,1,,1854,2014-12-03 09
116071825,279186359,1,,7590,2014-12-03 12
106557109,182883140,1,,3381,2014-12-12 20
107874169,212510788,3,,13409,2014-12-06 08
104221274,402355281,1,,13230,2014-12-02 10
133088851,277671954,1,,3660,2014-11-28 07
112296733,237563260,1,9rr23bo,7995,2014-11-22 16
100509623,144415397,1,,4296,2014-11-28 14
119732530,133410331,1,,940,2014-11-19 22
112131404,74157231,1,,6936,2014-11-19 15
116071825,303107362,1,9rf5n5i,6936,2014-12-12 08
106557109,3484776,1,99b5ghi,3381,2014-12-08 17
107874169,102161713,1,,6631,2014-12-06 13
104221274,348057034,1,,13230,2014-12-09 19
133088851,121397491,1,,11406,2014-12-12 21
112296733,274961091,1,9rr2cjh,12569,2014-12-01 19
100509623,124869395,1,tfvomge,7995,2014-11-20 17
119732530,268300326,1,,13131,2014-11-18 16
112131404,85144096,1,,11623,2014-11-21 11
116071825,128927836,1,,12510,2014-11-18 14
106557109,222623811,1,,3381,2014-12-12 21
107874169,159523975,1,,1303,2014-12-06 14
104221274,215998696,1,,13230,2014-11-21 14
133088851,253321332,1,,3660,2014-11-28 07
112296733,335594836,1,9rr2ciu,7995,2014-11-22 13
100509623,35922912,1,,7995,2014-11-20 17
119732530,42763319,1,,11470,2014-11-18 16
112131404,34970760,1,,11623,2014-12-04 21
116071825,163031814,4,9rf5n4h,7590,2014-12-07 16
106557109,298059276,1,99b5ghr,574,2014-11-27 15
107874169,262409067,1,,5127,2014-12-04 22
104221274,134631622,1,,9053,2014-12-09 12
133088851,256887116,1,,10265,2014-12-04 23
112296733,286061079,1,9rr2cju,7995,2014-11-22 13
100509623,273034376,1,,7995,2014-11-24 16
119732530,18115091,1,94eafwr,13131,2014-11-18 10
112131404,3920363,4,,8254,2014-11-25 19
116071825,303107362,1,,6936,2014-12-11 16
106557109,16628452,1,99b5gkq,574,2014-11-27 15
107874169,347796951,1,,4839,2014-12-16 20
104221274,51481030,1,,8877,2014-12-15 08
133088851,256887116,1,,10265,2014-12-04 23
112296733,141720992,1,9rr2cjt,7995,2014-11-22 16
100509623,294531567,1,,4296,2014-12-08 13
119732530,234135809,1,,11470,2014-11-18 16
112131404,358812363,1,951phpe,6833,2014-12-05 11
116071825,6518097,1,,3472,2014-12-14 09
106557109,20029304,1,,574,2014-11-22 18
107874169,274181525,1,,3381,2014-12-09 23
104221274,105787096,1,,8877,2014-12-10 21
133088851,337728077,1,,5141,2014-12-12 22
112296733,17592619,1,9rr23bo,7995,2014-11-26 13
100509623,58128685,1,,4296,2014-11-20 11
119732530,186951754,1,,11470,2014-11-18 13
112131404,200233372,1,,6456,2014-12-02 15
116071825,269555112,1,,3760,2014-12-04 22
106557109,74656282,1,,3381,2014-12-12 20
107874169,338199036,1,,2271,2014-12-13 09
104221274,42267731,1,,8877,2014-12-15 08
133088851,280122104,1,,1483,2014-12-11 22
112296733,51247657,1,9rr2cjc,7995,2014-11-22 13
100509623,144415397,1,,4296,2014-11-26 18
119732530,339064150,1,94eafi9,12547,2014-11-18 10
112131404,163009105,1,,2839,2014-11-23 08
116071825,171007787,1,,5334,2014-11-26 23
106557109,16628452,1,99b5g7g,574,2014-11-27 15
107874169,245650197,1,9rdmubr,10659,2014-11-22 18
104221274,320763265,1,,8877,2014-12-15 08
135099670,338069066,1,,7856,2014-12-11 17
112296733,103141572,1,9rr2cjr,7995,2014-11-22 12
100509623,368449822,1,,4296,2014-12-09 13
119732530,288095081,1,94eagcd,3660,2014-11-23 12
112131404,157695254,1,,3667,2014-11-21 09
116071825,209911216,1,,3760,2014-12-05 11
106557109,394196956,1,,574,2014-12-12 20
107874169,265898637,1,,9790,2014-12-07 08
104221274,361191701,1,,8877,2014-12-15 08
135099670,153501076,1,,8892,2014-11-18 17
112296733,219506636,1,9rr2cjb,7995,2014-11-22 13
100509623,353498564,1,,4296,2014-11-26 14
119732530,27358058,1,94eafwp,11470,2014-11-19 22
112131404,228311403,1,,1183,2014-11-23 07
116071825,209911216,1,,3760,2014-12-03 13
106557109,247300978,1,,574,2014-11-22 18
107874169,176495768,1,,8094,2014-12-16 13
104221274,72628847,1,,8877,2014-12-10 21
135099670,255708467,1,mtjm9dk,5027,2014-12-12 19
112296733,25867604,1,9rr2cje,7995,2014-11-22 15
100509623,150063609,1,,4296,2014-12-11 21
119732530,271102735,1,,11470,2014-11-21 20
112131404,217574543,1,,5049,2014-11-21 16
116071825,209911216,1,,3760,2014-12-04 22
106557109,251892288,1,,6235,2014-12-03 20
107874169,159896902,1,,2950,2014-12-08 17
104221274,194530693,1,,3099,2014-12-05 23
135099670,206854954,1,,6000,2014-12-06 20
112296733,152530177,1,9rr2cjh,7995,2014-11-22 15
100509623,160400589,1,,7995,2014-11-24 17
119732530,271102735,1,,11470,2014-11-18 20
112131404,217574543,1,,5049,2014-11-30 22
116071825,209911216,1,,3760,2014-12-04 22
106557109,397702806,1,,574,2014-12-01 12
107874169,265898637,1,,9790,2014-12-15 21
104221274,320763265,1,,8877,2014-12-15 08
135099670,1750539,1,mtjm9f9,5027,2014-12-12 19
112296733,14191754,1,9rr2cin,7995,2014-11-22 16
100509623,324834763,1,,7995,2014-11-24 17
119732530,187309515,1,,11470,2014-11-18 13
112131404,217574543,1,,5049,2014-11-21 16
116071825,318278127,1,,7229,2014-11-26 16
106557109,251892288,1,99b5ghs,6235,2014-12-08 17
107874169,395277166,3,,6513,2014-12-04 22
104221274,320763265,1,,8877,2014-12-17 20
135099670,43334063,1,mtjm4ju,1079,2014-12-14 21
112296733,205533157,1,9rr2civ,7995,2014-11-22 16
100509623,272483429,1,,7995,2014-11-23 15
119732530,334532840,1,94eagcj,1121,2014-11-19 22
112131404,164038575,1,,9849,2014-11-25 22
116071825,606302,1,9rf5hja,7266,2014-12-05 20
106557109,91596566,3,,6235,2014-11-29 23
107874169,57645673,1,,8094,2014-12-18 00
104221274,320763265,2,,8877,2014-12-15 08
135099670,206854954,1,,6000,2014-12-06 20
112296733,13768698,1,9rr2cjd,7995,2014-11-22 16
100509623,81213455,1,,4296,2014-12-08 14
119732530,271102735,1,,11470,2014-11-18 12
112131404,217574543,1,,5049,2014-12-09 11
116071825,385954143,1,9rf5nqp,7229,2014-12-08 11
106557109,193503803,1,,9003,2014-11-28 16
107874169,387558571,1,9rdmund,1303,2014-11-23 23
104221274,238389583,1,,5894,2014-12-08 18
135099670,359078955,1,,3381,2014-12-06 20
112296733,54149722,1,9rr2cjf,7995,2014-11-22 13
100509623,171029409,1,,4296,2014-12-03 14
119732530,113946381,1,94eafi7,1121,2014-11-19 22
112131404,217574543,3,,5049,2014-12-09 12
116071825,346591770,1,,7229,2014-11-26 15
106557109,123905112,1,,12564,2014-11-29 23
107874169,31723329,1,,9205,2014-11-18 15
104221274,324929316,1,,8877,2014-12-15 08
135099670,274210963,1,,1079,2014-12-04 18
112296733,220706896,1,9rr2cil,7995,2014-11-22 16
100509623,81213455,1,,4296,2014-12-08 14
119732530,190514219,1,94eafw7,7266,2014-12-14 16
112131404,217574543,3,,5049,2014-11-21 16
116071825,33422309,1,,7996,2014-12-17 00
106557109,146859233,1,,12564,2014-11-30 13
107874169,296573266,1,,8666,2014-12-08 17
104221274,317749201,1,,5503,2014-12-16 17
135099670,7420742,1,,6000,2014-12-06 20
112296733,220706896,1,9rr2cjg,7995,2014-11-22 16
100509623,42813790,1,,4296,2014-12-08 13
119732530,338800210,1,,11470,2014-11-18 11
112131404,328574088,1,,9660,2014-11-21 14
116071825,196649247,1,9rf5n4o,2901,2014-11-27 13
106557109,338910714,1,,12564,2014-12-03 19
107874169,311117662,1,,2048,2014-12-04 10
104221274,324929316,1,,8877,2014-12-15 20
135099670,360591430,1,,11552,2014-12-06 20
112296733,102475565,1,9rr2cjn,7995,2014-11-22 13
100509623,210039711,1,,4296,2014-12-03 10
119732530,260805473,1,,9518,2014-11-18 11
112131404,248822122,1,,12317,2014-12-18 15
116071825,196649247,1,9rf5n4d,2901,2014-11-27 13
106557109,83379691,1,99b5gkq,12564,2014-12-09 12
107874169,186157128,1,9rdmu2g,6513,2014-11-24 19
104221274,312716418,1,,5503,2014-12-08 14
135099670,201812680,1,mtjmps5,5027,2014-12-12 19
112296733,397178017,1,9rr23bo,7995,2014-11-22 13